method,confidence,evaluation,forecasts,start,end,exceptions,exception_rate,expected_rate,expected_exceptions,observed_to_expected,sample_warning,kupiec_lr,kupiec_p_value,kupiec_status,kupiec_reject_5pct,independence_lr,independence_p_value,independence_status,independence_reject_5pct,conditional_coverage_lr,conditional_coverage_p_value,conditional_coverage_status,conditional_coverage_reject_5pct
historical,0.95,full_oos,1947,2019-01-02,2026-09-30,95,0.0487930148947,0.05,97.35,0.975860297894,Asymptotic tests; few 99% exceptions limit power,0.0601747949885,0.806219882943,available,False,11.7117918389,0.000621052888707,available,True,11.7719666338,0.00277811311615,available,True
historical,0.95,latest_250_forecasts,250,2025-10-02,2026-09-30,6,0.024,0.05,12.5,0.48,Asymptotic tests; few 99% exceptions limit power,4.36866358647,0.0366056901457,available,True,0.296326410463,0.586194649987,available,False,4.66498999693,0.097053296932,available,False
historical,0.99,full_oos,1947,2019-01-02,2026-09-30,32,0.0164355418593,0.01,19.47,1.64355418593,Asymptotic tests; few 99% exceptions limit power,6.82073826646,0.00901053122726,available,True,14.9148005918,0.000112477077634,available,True,21.7355388583,1.90628445473e-05,available,True
historical,0.99,latest_250_forecasts,250,2025-10-02,2026-09-30,1,0.004,0.01,2.5,0.4,Asymptotic tests; few 99% exceptions limit power,1.17649113532,0.278071490014,available,False,0.00806453798281,0.928443944807,available,False,1.1845556733,0.553066054711,available,False
monte_carlo,0.95,full_oos,1947,2019-01-02,2026-09-30,102,0.0523882896764,0.05,97.35,1.04776579353,Asymptotic tests; few 99% exceptions limit power,0.230356477097,0.631259632005,available,False,11.2874929223,0.00078030983041,available,True,11.5178493994,0.00315450181215,available,True
monte_carlo,0.95,latest_250_forecasts,250,2025-10-02,2026-09-30,7,0.028,0.05,12.5,0.56,Asymptotic tests; few 99% exceptions limit power,3.00893752126,0.0828065520439,available,False,0.405015167507,0.524510515125,available,False,3.41395268877,0.181413496103,available,False
monte_carlo,0.99,full_oos,1947,2019-01-02,2026-09-30,49,0.025166923472,0.01,19.47,2.5166923472,Asymptotic tests; few 99% exceptions limit power,31.8433883511,1.6711756473e-08,available,True,7.07873161817,0.00780042050553,available,True,38.9221199692,3.53320662986e-09,available,True
monte_carlo,0.99,latest_250_forecasts,250,2025-10-02,2026-09-30,2,0.008,0.01,2.5,0.8,Asymptotic tests; few 99% exceptions limit power,0.108435216237,0.741932700953,available,False,0.0323890178991,0.857176519296,available,False,0.140824234136,0.932009643667,available,False
parametric,0.95,full_oos,1947,2019-01-02,2026-09-30,102,0.0523882896764,0.05,97.35,1.04776579353,Asymptotic tests; few 99% exceptions limit power,0.230356477097,0.631259632005,available,False,11.2874929223,0.00078030983041,available,True,11.5178493994,0.00315450181215,available,True
parametric,0.95,latest_250_forecasts,250,2025-10-02,2026-09-30,6,0.024,0.05,12.5,0.48,Asymptotic tests; few 99% exceptions limit power,4.36866358647,0.0366056901457,available,True,0.296326410463,0.586194649987,available,False,4.66498999693,0.097053296932,available,False
parametric,0.99,full_oos,1947,2019-01-02,2026-09-30,48,0.0246533127889,0.01,19.47,2.46533127889,Asymptotic tests; few 99% exceptions limit power,29.9876952193,4.34796651776e-08,available,True,7.42119308298,0.00644600593646,available,True,37.4088883023,7.52944764944e-09,available,True
parametric,0.99,latest_250_forecasts,250,2025-10-02,2026-09-30,2,0.008,0.01,2.5,0.8,Asymptotic tests; few 99% exceptions limit power,0.108435216237,0.741932700953,available,False,0.0323890178991,0.857176519296,available,False,0.140824234136,0.932009643667,available,False
