date,method,confidence,training_start,training_end,training_observations,realized_loss_usd,var_usd,es_usd,exception,exceedance_usd
2019-01-03,historical,0.95,2018-01-04,2019-01-02,250,25453.9120189,23013.529231,29577.9821946,True,2440.38278789
2019-01-03,parametric,0.95,2018-01-04,2019-01-02,250,25453.9120189,19569.3587854,24496.0396099,True,5884.55323356
2019-01-03,monte_carlo,0.95,2018-01-04,2019-01-02,250,25453.9120189,19654.7064425,24763.0609956,True,5799.20557637
2019-03-22,historical,0.95,2018-03-23,2019-03-21,250,24483.0000912,22658.6390269,27169.7583605,True,1824.36106433
2019-03-22,parametric,0.95,2018-03-23,2019-03-21,250,24483.0000912,18229.7385808,22967.6862087,True,6253.26151037
2019-03-22,monte_carlo,0.95,2018-03-23,2019-03-21,250,24483.0000912,18430.9001619,23064.2408055,True,6052.09992936
2019-05-07,parametric,0.95,2018-05-08,2019-05-06,250,18444.4796826,17020.2447835,21464.6731378,True,1424.23489905
2019-05-07,monte_carlo,0.95,2018-05-08,2019-05-06,250,18444.4796826,17029.255687,21387.0157764,True,1415.22399555
2019-05-13,historical,0.95,2018-05-14,2019-05-10,250,30163.1623667,19690.2035835,26626.5057547,True,10472.9587833
2019-05-13,parametric,0.95,2018-05-14,2019-05-10,250,30163.1623667,17264.3331928,21728.1217021,True,12898.829174
2019-05-13,monte_carlo,0.95,2018-05-14,2019-05-10,250,30163.1623667,17262.920586,21849.5778356,True,12900.2417807
2019-05-13,parametric,0.99,2018-05-14,2019-05-10,250,30163.1623667,24544.4082298,28164.3543103,True,5618.75413692
2019-05-13,monte_carlo,0.99,2018-05-14,2019-05-10,250,30163.1623667,24991.7916707,28385.3302236,True,5171.37069602
2019-08-05,historical,0.95,2018-08-06,2019-08-02,250,31901.1885062,19790.9604941,27460.312181,True,12110.2280121
2019-08-05,parametric,0.95,2018-08-06,2019-08-02,250,31901.1885062,18125.179121,22765.6843657,True,13776.0093852
2019-08-05,monte_carlo,0.95,2018-08-06,2019-08-02,250,31901.1885062,18292.0843212,23007.7732334,True,13609.104185
2019-08-05,parametric,0.99,2018-08-06,2019-08-02,250,31901.1885062,25693.464742,29456.7207154,True,6207.72376417
2019-08-05,monte_carlo,0.99,2018-08-06,2019-08-02,250,31901.1885062,25810.1244938,29624.885045,True,6091.06401242
2019-08-14,historical,0.95,2018-08-15,2019-08-13,250,29274.3223703,21345.5891008,28366.9452777,True,7928.73326949
2019-08-14,parametric,0.95,2018-08-15,2019-08-13,250,29274.3223703,18735.840663,23524.6339903,True,10538.4817074
2019-08-14,monte_carlo,0.95,2018-08-15,2019-08-13,250,29274.3223703,18924.7557354,23683.3601129,True,10349.5666349
2019-08-14,parametric,0.99,2018-08-15,2019-08-13,250,29274.3223703,26545.9720539,30429.4834701,True,2728.35031639
2019-08-14,monte_carlo,0.99,2018-08-15,2019-08-13,250,29274.3223703,26805.8984703,30612.0969081,True,2468.42390007
2019-08-23,historical,0.95,2018-08-24,2019-08-22,250,29015.9005896,23013.529231,28934.526334,True,6002.37135862
2019-08-23,parametric,0.95,2018-08-24,2019-08-22,250,29015.9005896,19114.8028527,23994.0212302,True,9901.09773691
2019-08-23,monte_carlo,0.95,2018-08-24,2019-08-22,250,29015.9005896,19125.5262243,24163.6051864,True,9890.37436531
2019-08-23,parametric,0.99,2018-08-24,2019-08-22,250,29015.9005896,27072.4101264,31029.2524822,True,1943.49046327
2019-08-23,monte_carlo,0.99,2018-08-24,2019-08-22,250,29015.9005896,27423.6033996,31201.5830115,True,1592.29719004
2020-01-27,historical,0.95,2019-01-29,2020-01-24,250,16483.0075867,11560.4202419,20324.2714018,True,4922.58734481
2020-01-27,parametric,0.95,2019-01-29,2020-01-24,250,16483.0075867,12621.8926278,16083.1405969,True,3861.11495896
2020-01-27,monte_carlo,0.95,2019-01-29,2020-01-24,250,16483.0075867,12658.1065674,16046.6281505,True,3824.90101931
2020-01-31,historical,0.95,2019-02-04,2020-01-30,250,17998.6111686,12122.5097601,20695.5948087,True,5876.10140849
2020-01-31,parametric,0.95,2019-02-04,2020-01-30,250,17998.6111686,12730.7141523,16192.3572052,True,5267.8970163
2020-01-31,monte_carlo,0.95,2019-02-04,2020-01-30,250,17998.6111686,12695.9232424,16151.2580124,True,5302.68792612
2020-02-21,historical,0.95,2019-02-25,2020-02-20,250,13375.0655809,12518.8080084,21149.8309914,True,856.257572453
2020-02-21,parametric,0.95,2019-02-25,2020-02-20,250,13375.0655809,12942.4614487,16456.2850138,True,432.604132211
2020-02-21,monte_carlo,0.95,2019-02-25,2020-02-20,250,13375.0655809,12986.0616008,16435.3975381,True,389.003980104
2020-02-24,historical,0.95,2019-02-26,2020-02-21,250,34288.8503854,13375.0655809,21184.0812943,True,20913.7848044
2020-02-24,parametric,0.95,2019-02-26,2020-02-21,250,34288.8503854,13082.43398,16616.3116471,True,21206.4164054
2020-02-24,monte_carlo,0.95,2019-02-26,2020-02-21,250,34288.8503854,13283.2357603,16881.1704803,True,21005.6146251
2020-02-24,historical,0.99,2019-02-26,2020-02-21,250,34288.8503854,29274.3223703,30680.6048232,True,5014.52801502
2020-02-24,parametric,0.99,2019-02-26,2020-02-21,250,34288.8503854,18845.9002674,21711.7274864,True,15442.9501179
2020-02-24,monte_carlo,0.99,2019-02-26,2020-02-21,250,34288.8503854,19168.8632193,22168.9458092,True,15119.9871661
2020-02-25,historical,0.95,2019-02-27,2020-02-24,250,30523.1340459,14471.907913,22813.3103854,True,16051.2261329
2020-02-25,parametric,0.95,2019-02-27,2020-02-24,250,30523.1340459,13682.6552538,17335.8424082,True,16840.4787921
2020-02-25,monte_carlo,0.95,2019-02-27,2020-02-24,250,30523.1340459,13638.8418711,17109.5970874,True,16884.2921748
2020-02-25,historical,0.99,2019-02-27,2020-02-24,250,30523.1340459,30163.1623667,32508.64803,True,359.971679193
2020-02-25,parametric,0.99,2019-02-27,2020-02-24,250,30523.1340459,19640.7055854,22603.2878164,True,10882.4284605
2020-02-25,monte_carlo,0.99,2019-02-27,2020-02-24,250,30523.1340459,19231.8613063,22236.2553291,True,11291.2727397
2020-02-27,historical,0.95,2019-03-01,2020-02-26,250,44293.2696305,14970.9522393,24077.446703,True,29322.3173912
2020-02-27,parametric,0.95,2019-03-01,2020-02-26,250,44293.2696305,14167.6098946,17912.8678044,True,30125.659736
2020-02-27,monte_carlo,0.95,2019-03-01,2020-02-26,250,44293.2696305,14155.5758052,17933.8387473,True,30137.6938253
2020-02-27,historical,0.99,2019-03-01,2020-02-26,250,44293.2696305,30523.1340459,32580.6423658,True,13770.1355846
2020-02-27,parametric,0.99,2019-03-01,2020-02-26,250,44293.2696305,20275.8201199,23313.0678888,True,24017.4495106
2020-02-27,monte_carlo,0.99,2019-03-01,2020-02-26,250,44293.2696305,20361.7313299,23455.1468514,True,23931.5383006
2020-03-03,historical,0.95,2019-03-06,2020-03-02,250,27774.9493076,15389.9145289,26406.4736027,True,12385.0347787
2020-03-03,parametric,0.95,2019-03-06,2020-03-02,250,27774.9493076,15551.4212914,19639.0610864,True,12223.5280163
2020-03-03,monte_carlo,0.95,2019-03-06,2020-03-02,250,27774.9493076,15253.9913501,19342.5104632,True,12520.9579575
2020-03-03,parametric,0.99,2019-03-06,2020-03-02,250,27774.9493076,22218.0284502,25532.9336308,True,5556.92085737
2020-03-03,monte_carlo,0.99,2019-03-06,2020-03-02,250,27774.9493076,22110.7537166,25239.0681982,True,5664.195591
2020-03-05,historical,0.95,2019-03-08,2020-03-04,250,31882.644769,15517.0363453,27392.1915123,True,16365.6084238
2020-03-05,parametric,0.95,2019-03-08,2020-03-04,250,31882.644769,16105.4815464,20364.253457,True,15777.1632226
2020-03-05,monte_carlo,0.95,2019-03-08,2020-03-04,250,31882.644769,15993.8306034,20272.1786446,True,15888.8141656
2020-03-05,parametric,0.99,2019-03-08,2020-03-04,250,31882.644769,23051.1912298,26504.8774098,True,8831.45353919
2020-03-05,monte_carlo,0.99,2019-03-08,2020-03-04,250,31882.644769,22759.63641,26679.2670256,True,9123.00835903
2020-03-06,historical,0.95,2019-03-11,2020-03-05,250,17472.9894116,16483.0075867,28662.8013366,True,989.981824902
2020-03-06,parametric,0.95,2019-03-11,2020-03-05,250,17472.9894116,16564.6328723,20909.0692415,True,908.356539311
2020-03-06,monte_carlo,0.95,2019-03-11,2020-03-05,250,17472.9894116,16498.4020473,21044.0484837,True,974.587364359
2020-03-09,historical,0.95,2019-03-12,2020-03-06,250,79857.7324869,17472.9894116,28702.4006096,True,62384.7430753
2020-03-09,parametric,0.95,2019-03-12,2020-03-06,250,79857.7324869,16714.9438962,21062.079073,True,63142.7885907
2020-03-09,monte_carlo,0.95,2019-03-12,2020-03-06,250,79857.7324869,16685.8454128,21137.2863753,True,63171.8870741
2020-03-09,historical,0.99,2019-03-12,2020-03-06,250,79857.7324869,31901.1885062,37813.0857076,True,47956.5439807
2020-03-09,parametric,0.99,2019-03-12,2020-03-06,250,79857.7324869,23804.7668609,27330.11196,True,56052.965626
2020-03-09,monte_carlo,0.99,2019-03-12,2020-03-06,250,79857.7324869,23767.4020909,27623.6410983,True,56090.330396
2020-03-11,historical,0.95,2019-03-14,2020-03-10,250,50644.0344814,17998.6111686,33672.1551853,True,32645.4233129
2020-03-11,parametric,0.95,2019-03-14,2020-03-10,250,50644.0344814,19428.8528554,24422.6264422,True,31215.1816261
2020-03-11,monte_carlo,0.95,2019-03-14,2020-03-10,250,50644.0344814,19467.2245232,24425.2488847,True,31176.8099583
2020-03-11,historical,0.99,2019-03-14,2020-03-10,250,50644.0344814,34288.8503854,56518.170924,True,16355.1840961
2020-03-11,parametric,0.99,2019-03-14,2020-03-10,250,50644.0344814,27573.2903334,31623.0321804,True,23070.744148
2020-03-11,monte_carlo,0.99,2019-03-14,2020-03-10,250,50644.0344814,27363.4811746,31543.4793549,True,23280.5533068
2020-03-12,historical,0.95,2019-03-15,2020-03-11,250,97988.3086419,18444.4796826,36265.9543098,True,79543.8289594
2020-03-12,parametric,0.95,2019-03-15,2020-03-11,250,97988.3086419,20322.9625944,25494.3090275,True,77665.3460475
2020-03-12,monte_carlo,0.95,2019-03-15,2020-03-11,250,97988.3086419,20439.417146,25561.6419002,True,77548.8914959
2020-03-12,historical,0.99,2019-03-15,2020-03-11,250,97988.3086419,44293.2696305,61059.3607134,True,53695.0390114
2020-03-12,parametric,0.99,2019-03-15,2020-03-11,250,97988.3086419,28757.0069036,32950.7529138,True,69231.3017383
2020-03-12,monte_carlo,0.99,2019-03-15,2020-03-11,250,97988.3086419,29049.5790519,33172.093595,True,68938.72959
2020-03-16,historical,0.95,2019-03-19,2020-03-13,250,118862.506605,24483.0000912,42387.9198102,True,94379.5065141
2020-03-16,parametric,0.95,2019-03-19,2020-03-13,250,118862.506605,24338.8718422,30502.8093198,True,94523.6347631
2020-03-16,monte_carlo,0.95,2019-03-19,2020-03-13,250,118862.506605,24582.7198262,30690.6131227,True,94279.7867791
2020-03-16,historical,0.99,2019-03-19,2020-03-13,250,118862.506605,50644.0344814,81267.2233478,True,68218.4721238
2020-03-16,parametric,0.99,2019-03-19,2020-03-13,250,118862.506605,34391.7511993,39390.4470975,True,84470.755406
2020-03-16,monte_carlo,0.99,2019-03-19,2020-03-13,250,118862.506605,34289.5872742,39248.4000565,True,84572.9193311
2020-03-18,historical,0.95,2019-03-21,2020-03-17,250,50276.7485625,27774.9493076,49806.6023626,True,22501.7992549
2020-03-18,parametric,0.95,2019-03-21,2020-03-17,250,50276.7485625,28243.2054631,35340.7044248,True,22033.5430994
2020-03-18,monte_carlo,0.95,2019-03-21,2020-03-17,250,50276.7485625,28369.7126136,35390.5066745,True,21907.035949
2020-03-18,parametric,0.99,2019-03-21,2020-03-17,250,50276.7485625,39818.6474689,45574.4227467,True,10458.1010936
2020-03-18,monte_carlo,0.99,2019-03-21,2020-03-17,250,50276.7485625,40176.0408145,45695.9475344,True,10100.707748
2020-03-20,historical,0.95,2019-03-25,2020-03-19,250,36894.2015484,29015.9005896,51557.1082518,True,7878.30095873
2020-03-20,parametric,0.95,2019-03-25,2020-03-19,250,36894.2015484,28714.7028228,35905.197377,True,8179.49872556
2020-03-20,monte_carlo,0.95,2019-03-25,2020-03-19,250,36894.2015484,29294.0794241,36445.5453058,True,7600.12212424
2020-03-27,historical,0.95,2019-04-01,2020-03-26,250,33047.8159274,29274.3223703,52177.0354572,True,3773.49355703
2020-03-27,parametric,0.95,2019-04-01,2020-03-26,250,33047.8159274,30621.8724172,38385.2000344,True,2425.9435102
2020-03-27,monte_carlo,0.95,2019-04-01,2020-03-26,250,33047.8159274,30628.2766289,38720.0869875,True,2419.5392985
2020-04-01,historical,0.95,2019-04-04,2020-03-31,250,49909.6697531,30163.1623667,52443.3613419,True,19746.5073863
2020-04-01,parametric,0.95,2019-04-04,2020-03-31,250,49909.6697531,31091.5178848,38944.7360485,True,18818.1518682
2020-04-01,monte_carlo,0.95,2019-04-04,2020-03-31,250,49909.6697531,30972.3597539,38856.7204118,True,18937.3099992
2020-04-01,parametric,0.99,2019-04-04,2020-03-31,250,49909.6697531,43899.4762802,50268.1082731,True,6010.19347291
2020-04-01,monte_carlo,0.99,2019-04-04,2020-03-31,250,49909.6697531,44535.3183183,50601.384225,True,5374.35143478
2020-04-21,historical,0.95,2019-04-24,2020-04-20,250,31029.4428123,30523.1340459,54008.6830657,True,506.30876635
2020-06-11,historical,0.95,2019-06-14,2020-06-10,250,59470.7128703,31029.4428123,54028.9354163,True,28441.270058
2020-06-11,parametric,0.95,2019-06-14,2020-06-10,250,59470.7128703,33046.7974811,41647.0694702,True,26423.9153891
2020-06-11,monte_carlo,0.95,2019-06-14,2020-06-10,250,59470.7128703,32739.1562812,41161.661957,True,26731.556589
2020-06-11,parametric,0.99,2019-06-14,2020-06-10,250,59470.7128703,47073.1397435,54047.6011931,True,12397.5731268
2020-06-11,monte_carlo,0.99,2019-06-14,2020-06-10,250,59470.7128703,46468.8972545,52712.7600073,True,13001.8156158
2020-09-03,historical,0.95,2019-09-09,2020-09-02,250,38894.372723,31029.4428123,56234.4973655,True,7864.92991072
2020-09-03,parametric,0.95,2019-09-09,2020-09-02,250,38894.372723,33004.8789565,41715.1542299,True,5889.49376645
2020-09-03,monte_carlo,0.95,2019-09-09,2020-09-02,250,38894.372723,32802.8718726,41359.0927029,True,6091.50085037
2020-09-08,historical,0.95,2019-09-11,2020-09-04,250,32561.6088085,31882.644769,56829.56368,True,678.964039519
2020-10-28,historical,0.95,2019-10-31,2020-10-27,250,35013.7388546,32561.6088085,56856.7222416,True,2452.13004602
2020-10-28,parametric,0.95,2019-10-31,2020-10-27,250,35013.7388546,34315.7394386,43285.4351933,True,697.999415943
2020-10-28,monte_carlo,0.95,2019-10-31,2020-10-27,250,35013.7388546,34571.7506887,43182.6317133,True,441.988165842
2021-03-18,parametric,0.95,2020-03-20,2021-03-17,250,24148.9101174,24144.3189903,30950.8664998,True,4.59112712993
2021-05-10,parametric,0.95,2020-05-12,2021-05-07,250,19155.7079182,18625.8012803,23817.1843908,True,529.906637952
2021-05-10,monte_carlo,0.95,2020-05-12,2021-05-07,250,19155.7079182,18508.3651955,23857.8796863,True,647.342722764
2021-05-12,historical,0.95,2020-05-14,2021-05-11,250,25675.0809956,18161.2878803,29609.1844728,True,7513.79311528
2021-05-12,parametric,0.95,2020-05-14,2021-05-11,250,25675.0809956,18367.4999061,23513.6852154,True,7307.58108945
2021-05-12,monte_carlo,0.95,2020-05-14,2021-05-11,250,25675.0809956,18317.7596357,23707.0705738,True,7357.32135986
2021-09-20,historical,0.95,2020-09-22,2021-09-17,250,19846.1168806,14782.5334436,22669.0568576,True,5063.58343706
2021-09-20,parametric,0.95,2020-09-22,2021-09-17,250,19846.1168806,15145.5819622,19364.6186001,True,4700.53491849
2021-09-20,monte_carlo,0.95,2020-09-22,2021-09-17,250,19846.1168806,14921.9518198,19174.0620413,True,4924.16506087
2021-09-28,historical,0.95,2020-09-30,2021-09-27,250,23650.6984524,14782.5334436,22063.8251708,True,8868.1650088
2021-09-28,parametric,0.95,2020-09-30,2021-09-27,250,23650.6984524,14897.7115785,19035.6518212,True,8752.98687389
2021-09-28,monte_carlo,0.95,2020-09-30,2021-09-27,250,23650.6984524,15045.6719887,19172.8286339,True,8605.02646369
2021-09-28,parametric,0.99,2020-09-30,2021-09-27,250,23650.6984524,21646.3546655,25002.0514087,True,2004.34378684
2021-09-28,monte_carlo,0.99,2020-09-30,2021-09-27,250,23650.6984524,21706.5107017,25019.213732,True,1944.18775065
2021-11-26,historical,0.95,2020-11-30,2021-11-24,250,24981.2103171,13769.547696,20650.8857399,True,11211.6626211
2021-11-26,parametric,0.95,2020-11-30,2021-11-24,250,24981.2103171,13637.0844191,17389.087469,True,11344.125898
2021-11-26,monte_carlo,0.95,2020-11-30,2021-11-24,250,24981.2103171,13533.5636135,17477.4839097,True,11447.6467036
2021-11-26,historical,0.99,2020-11-30,2021-11-24,250,24981.2103171,24148.9101174,27531.9233955,True,832.300199709
2021-11-26,parametric,0.99,2020-11-30,2021-11-24,250,24981.2103171,19756.2954177,22799.0132136,True,5224.91489941
2021-11-26,monte_carlo,0.99,2020-11-30,2021-11-24,250,24981.2103171,20169.90065,23008.5718055,True,4811.30966717
2021-11-30,historical,0.95,2020-12-02,2021-11-29,250,18019.6894505,13818.4003163,21545.8646448,True,4201.28913418
2021-11-30,parametric,0.95,2020-12-02,2021-11-29,250,18019.6894505,13950.7781847,17763.9604293,True,4068.91126573
2021-11-30,monte_carlo,0.95,2020-12-02,2021-11-29,250,18019.6894505,14005.6245909,17821.6426227,True,4014.06485953
2021-12-01,historical,0.95,2020-12-03,2021-11-30,250,16023.7947788,14776.7036907,21843.6356405,True,1247.09108805
2021-12-01,parametric,0.95,2020-12-03,2021-11-30,250,16023.7947788,14159.6028086,18005.9478193,True,1864.19197023
2021-12-01,monte_carlo,0.95,2020-12-03,2021-11-30,250,16023.7947788,14032.9435621,17898.4458731,True,1990.85121671
2021-12-03,parametric,0.95,2020-12-07,2021-12-02,250,14698.5874121,14356.8326363,18240.1886653,True,341.754775823
2021-12-03,monte_carlo,0.95,2020-12-07,2021-12-02,250,14698.5874121,14332.0908021,18199.9200391,True,366.49661002
2021-12-16,historical,0.95,2020-12-18,2021-12-15,250,17583.1582031,16023.7947788,21893.5192841,True,1559.36342429
2021-12-16,parametric,0.95,2020-12-18,2021-12-15,250,17583.1582031,14809.6237243,18805.1025017,True,2773.53447883
2021-12-16,monte_carlo,0.95,2020-12-18,2021-12-15,250,17583.1582031,14893.7534159,18912.8111953,True,2689.40478721
2022-01-05,historical,0.95,2021-01-08,2022-01-04,250,26900.678027,17583.1582031,21955.893821,True,9317.51982396
2022-01-05,parametric,0.95,2021-01-08,2022-01-04,250,26900.678027,15080.893886,19131.9425874,True,11819.784141
2022-01-05,monte_carlo,0.95,2021-01-08,2022-01-04,250,26900.678027,15339.4858889,19449.0663318,True,11561.1921382
2022-01-05,historical,0.99,2021-01-08,2022-01-04,250,26900.678027,24981.2103171,27698.3834355,True,1919.4677099
2022-01-05,parametric,0.99,2021-01-08,2022-01-04,250,26900.678027,21687.8239551,24973.0552867,True,5212.85407191
2022-01-05,monte_carlo,0.99,2021-01-08,2022-01-04,250,26900.678027,21941.3436407,25170.2126712,True,4959.33438637
2022-01-13,parametric,0.95,2021-01-19,2022-01-12,250,16558.9226585,15411.767995,19526.9904418,True,1147.15466343
2022-01-13,monte_carlo,0.95,2021-01-19,2022-01-12,250,16558.9226585,15168.1444118,19241.9289325,True,1390.77824667
2022-01-18,historical,0.95,2021-01-21,2022-01-14,250,23356.0165288,17666.0144068,22697.9811588,True,5690.00212206
2022-01-18,parametric,0.95,2021-01-21,2022-01-14,250,23356.0165288,15568.3441465,19682.6004811,True,7787.67238236
2022-01-18,monte_carlo,0.95,2021-01-21,2022-01-14,250,23356.0165288,15637.6212137,19714.9035424,True,7718.39531518
2022-01-18,parametric,0.99,2021-01-21,2022-01-14,250,23356.0165288,22278.3607109,25614.8507935,True,1077.65581798
2022-01-18,monte_carlo,0.99,2021-01-21,2022-01-14,250,23356.0165288,22186.5345713,25420.8753081,True,1169.48195757
2022-01-21,historical,0.95,2021-01-26,2022-01-20,250,22239.6281148,18019.6894505,23139.0343268,True,4219.93866433
2022-01-21,parametric,0.95,2021-01-26,2022-01-20,250,22239.6281148,16089.4935022,20280.6393994,True,6150.13461259
2022-01-21,monte_carlo,0.95,2021-01-26,2022-01-20,250,22239.6281148,16024.5402371,20338.9390792,True,6215.08787772
2022-01-25,parametric,0.95,2021-01-28,2022-01-24,250,16333.8793769,16031.9792419,20221.5060815,True,301.900134917
2022-01-25,monte_carlo,0.95,2021-01-28,2022-01-24,250,16333.8793769,15993.7819802,20072.7420991,True,340.097396668
2022-02-03,historical,0.95,2021-02-08,2022-02-02,250,28323.2493188,17666.0144068,22883.8643457,True,10657.234912
2022-02-03,parametric,0.95,2021-02-08,2022-02-02,250,28323.2493188,16252.6070862,20487.4403288,True,12070.6422326
2022-02-03,monte_carlo,0.95,2021-02-08,2022-02-02,250,28323.2493188,16365.7649321,20502.1558973,True,11957.4843867
2022-02-03,historical,0.99,2021-02-08,2022-02-02,250,28323.2493188,25675.0809956,28327.3963838,True,2648.16832324
2022-02-03,parametric,0.99,2021-02-08,2022-02-02,250,28323.2493188,23159.2747545,26593.5476745,True,5163.97456431
2022-02-03,monte_carlo,0.99,2021-02-08,2022-02-02,250,28323.2493188,23083.5063559,26604.3412097,True,5239.74296293
2022-02-10,historical,0.95,2021-02-16,2022-02-09,250,18943.5359894,18019.6894505,23722.2961369,True,923.846538938
2022-02-10,parametric,0.95,2021-02-16,2022-02-09,250,18943.5359894,16671.040878,21000.9207556,True,2272.49511141
2022-02-10,monte_carlo,0.95,2021-02-16,2022-02-09,250,18943.5359894,16834.9821584,21398.77639,True,2108.55383104
2022-02-11,historical,0.95,2021-02-17,2022-02-10,250,21521.484858,18161.2878803,23790.5399228,True,3360.19697776
2022-02-11,parametric,0.95,2021-02-17,2022-02-10,250,21521.484858,16850.2261194,21209.2888414,True,4671.2587386
2022-02-11,monte_carlo,0.95,2021-02-17,2022-02-10,250,21521.484858,16788.3945553,21286.1450241,True,4733.09030268
2022-02-17,historical,0.95,2021-02-23,2022-02-16,250,25359.6062655,18943.5359894,24028.0657567,True,6416.07027607
2022-02-17,parametric,0.95,2021-02-23,2022-02-16,250,25359.6062655,16976.9256231,21389.4262117,True,8382.68064239
2022-02-17,monte_carlo,0.95,2021-02-23,2022-02-16,250,25359.6062655,17048.5952095,21626.1040353,True,8311.01105601
2022-02-17,parametric,0.99,2021-02-23,2022-02-16,250,25359.6062655,24173.3542439,27751.7079624,True,1186.25202155
2022-02-17,monte_carlo,0.99,2021-02-23,2022-02-16,250,25359.6062655,24510.5826485,28017.5864351,True,849.023616932
2022-02-23,historical,0.95,2021-02-26,2022-02-22,250,20739.0129326,18943.5359894,23570.4124631,True,1795.47694321
2022-02-23,parametric,0.95,2021-02-26,2022-02-22,250,20739.0129326,16987.2722976,21377.2177342,True,3751.740635
2022-02-23,monte_carlo,0.95,2021-02-26,2022-02-22,250,20739.0129326,16838.1661256,21188.52158,True,3900.84680697
2022-03-07,historical,0.95,2021-03-10,2022-03-04,250,30916.6680066,19155.7079182,23705.5637414,True,11760.9600884
2022-03-07,parametric,0.95,2021-03-10,2022-03-04,250,30916.6680066,16875.209594,21231.1600402,True,14041.4584126
2022-03-07,monte_carlo,0.95,2021-03-10,2022-03-04,250,30916.6680066,16881.5007844,21274.5428493,True,14035.1672222
2022-03-07,historical,0.99,2021-03-10,2022-03-04,250,30916.6680066,25675.0809956,27224.5871374,True,5241.58701105
2022-03-07,parametric,0.99,2021-03-10,2022-03-04,250,30916.6680066,23979.4095442,27511.9034586,True,6937.25846238
2022-03-07,monte_carlo,0.99,2021-03-10,2022-03-04,250,30916.6680066,24093.1873902,27950.5648493,True,6823.48061643
2022-04-05,parametric,0.95,2021-04-09,2022-04-04,250,18739.9213612,17823.6270962,22441.5935772,True,916.294265057
2022-04-05,monte_carlo,0.95,2021-04-09,2022-04-04,250,18739.9213612,17867.0962079,22474.4292589,True,872.825153378
2022-04-21,parametric,0.95,2021-04-26,2022-04-20,250,18820.626133,18385.5146444,23084.522717,True,435.111488586
2022-04-21,monte_carlo,0.95,2021-04-26,2022-04-20,250,18820.626133,18165.1666202,22958.2591542,True,655.459512724
2022-04-22,historical,0.95,2021-04-27,2022-04-21,250,26611.8803961,19155.7079182,24246.9843726,True,7456.17247791
2022-04-22,parametric,0.95,2021-04-27,2022-04-21,250,26611.8803961,18578.7588536,23301.9254044,True,8033.12154257
2022-04-22,monte_carlo,0.95,2021-04-27,2022-04-21,250,26611.8803961,18231.3610707,23148.9394718,True,8380.51932541
2022-04-22,parametric,0.99,2021-04-27,2022-04-21,250,26611.8803961,26281.858324,30112.149165,True,330.022072119
2022-04-22,monte_carlo,0.99,2021-04-27,2022-04-21,250,26611.8803961,26305.7704014,30567.9846632,True,306.109994768
2022-04-26,historical,0.95,2021-04-29,2022-04-25,250,32674.9021997,19846.1168806,24815.8618123,True,12828.7853191
2022-04-26,parametric,0.95,2021-04-29,2022-04-25,250,32674.9021997,18868.4953928,23648.827801,True,13806.406807
2022-04-26,monte_carlo,0.95,2021-04-29,2022-04-25,250,32674.9021997,19026.1221469,23758.0695105,True,13648.7800529
2022-04-26,historical,0.99,2021-04-29,2022-04-25,250,32674.9021997,26900.678027,29076.1025356,True,5774.2241727
2022-04-26,parametric,0.99,2021-04-29,2022-04-25,250,32674.9021997,26664.8277146,30541.4776787,True,6010.0744851
2022-04-26,monte_carlo,0.99,2021-04-29,2022-04-25,250,32674.9021997,26539.7589476,30467.315794,True,6135.14325216
2022-04-29,historical,0.95,2021-05-04,2022-04-28,250,37751.517146,20739.0129326,25806.4487957,True,17012.5042134
2022-04-29,parametric,0.95,2021-05-04,2022-04-28,250,37751.517146,19363.8641141,24269.4432611,True,18387.6530319
2022-04-29,monte_carlo,0.95,2021-05-04,2022-04-28,250,37751.517146,19200.9432003,24273.8194307,True,18550.5739456
2022-04-29,historical,0.99,2021-05-04,2022-04-28,250,37751.517146,28323.2493188,31101.2779463,True,9428.26782719
2022-04-29,parametric,0.99,2021-05-04,2022-04-28,250,37751.517146,27364.4636531,31342.6834923,True,10387.0534929
2022-04-29,monte_carlo,0.99,2021-05-04,2022-04-28,250,37751.517146,27420.7022166,31765.2387598,True,10330.8149294
2022-05-05,historical,0.95,2021-05-10,2022-05-04,250,41985.6328848,21521.484858,27136.1502558,True,20464.1480268
2022-05-05,parametric,0.95,2021-05-10,2022-05-04,250,41985.6328848,19957.8270814,25021.4261707,True,22027.8058034
2022-05-05,monte_carlo,0.95,2021-05-10,2022-05-04,250,41985.6328848,20027.1344271,24971.793429,True,21958.4984577
2022-05-05,historical,0.99,2021-05-10,2022-05-04,250,41985.6328848,30916.6680066,34353.9013396,True,11068.9648782
2022-05-05,parametric,0.99,2021-05-10,2022-05-04,250,41985.6328848,28216.1442598,32322.5116734,True,13769.488625
2022-05-05,monte_carlo,0.99,2021-05-10,2022-05-04,250,41985.6328848,28210.7810376,32519.4189886,True,13774.8518472
2022-05-09,historical,0.95,2021-05-12,2022-05-06,250,37017.3733533,22239.6281148,28744.5563677,True,14777.7452385
2022-05-09,parametric,0.95,2021-05-12,2022-05-06,250,37017.3733533,20472.8914206,25638.152119,True,16544.4819327
2022-05-09,monte_carlo,0.95,2021-05-12,2022-05-06,250,37017.3733533,20648.0482619,25831.3148713,True,16369.3250913
2022-05-09,historical,0.99,2021-05-12,2022-05-06,250,37017.3733533,32674.9021997,38429.8404523,True,4342.47115351
2022-05-09,parametric,0.99,2021-05-12,2022-05-06,250,37017.3733533,28897.010393,33085.8211264,True,8120.36296029
2022-05-09,monte_carlo,0.99,2021-05-12,2022-05-06,250,37017.3733533,29078.7597938,33132.7536448,True,7938.61355943
2022-05-11,historical,0.95,2021-05-14,2022-05-10,250,22950.9631508,22239.6281148,29651.9397563,True,711.335035967
2022-05-11,parametric,0.95,2021-05-14,2022-05-10,250,22950.9631508,20701.5549927,25906.4034822,True,2249.40815804
2022-05-11,monte_carlo,0.95,2021-05-14,2022-05-10,250,22950.9631508,20773.6308182,25605.0056524,True,2177.33233253
2022-05-18,historical,0.95,2021-05-21,2022-05-17,250,42066.6781062,22950.9631508,29680.3931577,True,19115.7149554
2022-05-18,parametric,0.95,2021-05-21,2022-05-17,250,42066.6781062,21063.5553702,26368.1143731,True,21003.122736
2022-05-18,monte_carlo,0.95,2021-05-21,2022-05-17,250,42066.6781062,20935.8542839,26028.9748655,True,21130.8238223
2022-05-18,historical,0.99,2021-05-21,2022-05-17,250,42066.6781062,37017.3733533,39298.334683,True,5049.30475292
2022-05-18,parametric,0.99,2021-05-21,2022-05-17,250,42066.6781062,29714.8585174,34016.634359,True,12351.8195888
2022-05-18,monte_carlo,0.99,2021-05-21,2022-05-17,250,42066.6781062,29039.252295,33133.6725054,True,13027.4258112
2022-06-09,historical,0.95,2021-06-14,2022-06-08,250,24070.3224795,23356.0165288,31193.448219,True,714.305950622
2022-06-09,parametric,0.95,2021-06-14,2022-06-08,250,24070.3224795,22293.4517426,27888.4213632,True,1776.87073687
2022-06-09,monte_carlo,0.95,2021-06-14,2022-06-08,250,24070.3224795,22102.9864044,27780.7295097,True,1967.33607502
2022-06-10,historical,0.95,2021-06-15,2022-06-09,250,30725.1901966,23650.6984524,31238.8054181,True,7074.4917442
2022-06-10,parametric,0.95,2021-06-15,2022-06-09,250,30725.1901966,22538.8348466,28168.1095781,True,8186.35534999
2022-06-10,monte_carlo,0.95,2021-06-15,2022-06-09,250,30725.1901966,22343.5664783,27836.887125,True,8381.6237183
2022-06-13,historical,0.95,2021-06-16,2022-06-10,250,43205.6488781,24070.3224795,31787.9797966,True,19135.3263986
2022-06-13,parametric,0.95,2021-06-16,2022-06-10,250,43205.6488781,22867.9900282,28553.4559169,True,20337.6588499
2022-06-13,monte_carlo,0.95,2021-06-16,2022-06-10,250,43205.6488781,22909.576497,28524.511405,True,20296.0723811
2022-06-13,historical,0.99,2021-06-16,2022-06-10,250,43205.6488781,37751.517146,41171.2278256,True,5454.13173212
2022-06-13,parametric,0.99,2021-06-16,2022-06-10,250,43205.6488781,32140.5212431,36751.1966629,True,11065.127635
2022-06-13,monte_carlo,0.99,2021-06-16,2022-06-10,250,43205.6488781,31757.7866835,36592.6657973,True,11447.8621946
2022-06-16,historical,0.95,2021-06-21,2022-06-15,250,38938.9479044,24981.2103171,33282.370395,True,13957.7375873
2022-06-16,parametric,0.95,2021-06-21,2022-06-15,250,38938.9479044,23385.0330128,29191.1577812,True,15553.9148916
2022-06-16,monte_carlo,0.95,2021-06-21,2022-06-15,250,38938.9479044,23438.8904156,29302.599816,True,15500.0574888
2022-06-16,parametric,0.99,2021-06-21,2022-06-15,250,38938.9479044,32854.3490208,37562.8737535,True,6084.59888361
2022-06-16,monte_carlo,0.99,2021-06-21,2022-06-15,250,38938.9479044,32736.1580891,37765.5482357,True,6202.78981531
2022-08-26,historical,0.95,2021-08-30,2022-08-25,250,36099.3072284,25359.6062655,34383.853564,True,10739.700963
2022-08-26,parametric,0.95,2021-08-30,2022-08-25,250,36099.3072284,25110.3588572,31408.0511203,True,10988.9483712
2022-08-26,monte_carlo,0.95,2021-08-30,2022-08-25,250,36099.3072284,24999.6257819,31246.8092931,True,11099.6814465
2022-08-26,parametric,0.99,2021-08-30,2022-08-25,250,36099.3072284,35381.3813618,40488.5468057,True,717.925866653
2022-08-26,monte_carlo,0.99,2021-08-30,2022-08-25,250,36099.3072284,35044.8721194,40461.718499,True,1054.43510903
2022-09-13,historical,0.95,2021-09-15,2022-09-12,250,46365.9909661,26611.8803961,35192.9386758,True,19754.11057
2022-09-13,parametric,0.95,2021-09-15,2022-09-12,250,46365.9909661,25689.6106079,32122.2056786,True,20676.3803583
2022-09-13,monte_carlo,0.95,2021-09-15,2022-09-12,250,46365.9909661,25557.5950575,31997.4466099,True,20808.3959086
2022-09-13,historical,0.99,2021-09-15,2022-09-12,250,46365.9909661,41985.6328848,42506.0573707,True,4380.35808135
2022-09-13,parametric,0.99,2021-09-15,2022-09-12,250,46365.9909661,36180.6485904,41397.2145779,True,10185.3423758
2022-09-13,monte_carlo,0.99,2021-09-15,2022-09-12,250,46365.9909661,36087.6392511,41709.4615333,True,10278.3517151
2022-10-07,historical,0.95,2021-10-11,2022-10-06,250,31847.9442336,26900.678027,36761.7156162,True,4947.26620655
2022-10-07,parametric,0.95,2021-10-11,2022-10-06,250,31847.9442336,26944.6354855,33618.3501666,True,4903.30874807
2022-10-07,monte_carlo,0.95,2021-10-11,2022-10-06,250,31847.9442336,27001.8977687,33613.3633875,True,4846.04646491
2022-11-02,historical,0.95,2021-11-04,2022-11-01,250,30328.8472789,28323.2493188,37100.5940611,True,2005.59796009
2022-11-02,parametric,0.95,2021-11-04,2022-11-01,250,30328.8472789,28063.8444301,34971.2008009,True,2265.00284875
2022-11-02,monte_carlo,0.95,2021-11-04,2022-11-01,250,30328.8472789,28149.5004884,35284.2881128,True,2179.34679047
2023-10-25,historical,0.95,2022-10-26,2023-10-24,250,18437.2546588,16644.7204637,20851.3684609,True,1792.53419507
2023-10-25,parametric,0.95,2022-10-26,2023-10-24,250,18437.2546588,18044.2188009,22764.0329656,True,393.03585791
2023-10-25,monte_carlo,0.95,2022-10-26,2023-10-24,250,18437.2546588,18201.4539224,22903.3575009,True,235.800736336
2023-12-20,historical,0.95,2022-12-21,2023-12-19,250,15633.9937878,15065.6078622,17967.4355016,True,568.385925661
2023-12-20,parametric,0.95,2022-12-21,2023-12-19,250,15633.9937878,14879.6104691,18962.0772654,True,754.383318705
2023-12-20,monte_carlo,0.95,2022-12-21,2023-12-19,250,15633.9937878,14910.0155715,19179.0457488,True,723.978216377
2024-01-31,historical,0.95,2023-02-01,2024-01-30,250,19489.5453079,14466.1628252,17750.2363972,True,5023.38248272
2024-01-31,parametric,0.95,2023-02-01,2024-01-30,250,19489.5453079,14280.9640292,18150.079869,True,5208.58127868
2024-01-31,monte_carlo,0.95,2023-02-01,2024-01-30,250,19489.5453079,14099.3773001,18081.5474832,True,5390.16800786
2024-01-31,historical,0.99,2023-02-01,2024-01-30,250,19489.5453079,19122.7856039,21459.1718039,True,366.75970404
2024-02-13,historical,0.95,2023-02-14,2024-02-12,250,21253.497527,15065.6078622,18128.1291943,True,6187.88966483
2024-02-13,parametric,0.95,2023-02-14,2024-02-12,250,21253.497527,13945.0645907,17732.1559054,True,7308.43293633
2024-02-13,monte_carlo,0.95,2023-02-14,2024-02-12,250,21253.497527,13617.0893134,17585.6236375,True,7636.40821365
2024-02-13,historical,0.99,2023-02-14,2024-02-12,250,21253.497527,19489.5453079,21532.5237447,True,1763.9522191
2024-02-13,parametric,0.99,2023-02-14,2024-02-12,250,21253.497527,20121.5016879,23192.6746013,True,1131.99583911
2024-02-13,monte_carlo,0.99,2023-02-14,2024-02-12,250,21253.497527,20039.4206072,23166.9431181,True,1214.07691983
2024-04-10,historical,0.95,2023-04-12,2024-04-09,250,13662.0409061,13426.1526171,16754.7531666,True,235.888289001
2024-04-10,parametric,0.95,2023-04-12,2024-04-09,250,13662.0409061,13101.1225797,16708.0463406,True,560.918326307
2024-04-10,monte_carlo,0.95,2023-04-12,2024-04-09,250,13662.0409061,13306.9786293,16884.6241949,True,355.062276737
2024-04-12,historical,0.95,2023-04-14,2024-04-11,250,15549.9112169,13636.1770407,16765.2232528,True,1913.73417621
2024-04-12,parametric,0.95,2023-04-14,2024-04-11,250,15549.9112169,13164.2127518,16774.6804912,True,2385.69846511
2024-04-12,monte_carlo,0.95,2023-04-14,2024-04-11,250,15549.9112169,13075.5982937,16558.7986148,True,2474.31292323
2024-04-15,historical,0.95,2023-04-17,2024-04-12,250,14430.5084823,13662.0409061,16917.2874322,True,768.467576209
2024-04-15,parametric,0.95,2023-04-17,2024-04-12,250,14430.5084823,13305.7380824,16940.3860597,True,1124.77039987
2024-04-15,monte_carlo,0.95,2023-04-17,2024-04-12,250,14430.5084823,13236.2866953,16739.5656113,True,1194.22178698
2024-04-30,historical,0.95,2023-05-02,2024-04-29,250,18012.2293595,13662.0409061,16541.9052625,True,4350.18845349
2024-04-30,parametric,0.95,2023-05-02,2024-04-29,250,18012.2293595,13332.2968151,16964.8929373,True,4679.93254442
2024-04-30,monte_carlo,0.95,2023-05-02,2024-04-29,250,18012.2293595,13460.4365663,17095.0876597,True,4551.79279325
2024-07-17,historical,0.95,2023-07-19,2024-07-16,250,18498.4157444,14346.5236655,16862.5410284,True,4151.89207885
2024-07-17,parametric,0.95,2023-07-19,2024-07-16,250,18498.4157444,12866.6456941,16371.4375639,True,5631.77005028
2024-07-17,monte_carlo,0.95,2023-07-19,2024-07-16,250,18498.4157444,12776.4022162,16435.312612,True,5722.01352815
2024-07-17,historical,0.99,2023-07-19,2024-07-16,250,18498.4157444,18437.2546588,19984.6680657,True,61.1610856165
2024-07-24,historical,0.95,2023-07-26,2024-07-23,250,26987.2577207,14430.5084823,17191.3330021,True,12556.7492385
2024-07-24,parametric,0.95,2023-07-26,2024-07-23,250,26987.2577207,13117.5145358,16671.2987122,True,13869.7431849
2024-07-24,monte_carlo,0.95,2023-07-26,2024-07-23,250,26987.2577207,13204.3171476,16770.6280327,True,13782.9405732
2024-07-24,historical,0.99,2023-07-26,2024-07-23,250,26987.2577207,18498.4157444,19996.9002828,True,8488.84197635
2024-07-24,parametric,0.99,2023-07-26,2024-07-23,250,26987.2577207,18913.4467165,21795.4172833,True,8073.8110042
2024-07-24,monte_carlo,0.99,2023-07-26,2024-07-23,250,26987.2577207,18806.429751,21861.7718307,True,8180.82796974
2024-08-01,historical,0.95,2023-08-03,2024-07-31,250,22271.9650309,14430.5084823,18018.7359826,True,7841.45654865
2024-08-01,parametric,0.95,2023-08-03,2024-07-31,250,22271.9650309,13391.8987859,17016.6079925,True,8880.06624506
2024-08-01,monte_carlo,0.95,2023-08-03,2024-07-31,250,22271.9650309,13206.3492889,16872.5869208,True,9065.61574203
2024-08-01,historical,0.99,2023-08-03,2024-07-31,250,22271.9650309,19489.5453079,23194.2111607,True,2782.419723
2024-08-01,parametric,0.99,2023-08-03,2024-07-31,250,22271.9650309,19303.503907,22242.9917116,True,2968.46112388
2024-08-01,monte_carlo,0.99,2023-08-03,2024-07-31,250,22271.9650309,19120.2727261,22150.9903797,True,3151.69230478
2024-08-02,historical,0.95,2023-08-04,2024-08-01,250,24596.5592852,15065.6078622,18620.6485313,True,9530.95142302
2024-08-02,parametric,0.95,2023-08-04,2024-08-01,250,24596.5592852,13669.2774966,17344.2711273,True,10927.2817886
2024-08-02,monte_carlo,0.95,2023-08-04,2024-08-01,250,24596.5592852,13418.7443087,17127.418473,True,11177.8149765
2024-08-02,historical,0.99,2023-08-04,2024-08-01,250,24596.5592852,21253.497527,23954.3886061,True,3343.06175819
2024-08-02,parametric,0.99,2023-08-04,2024-08-01,250,24596.5592852,19662.8924127,22643.1587854,True,4933.66687246
2024-08-02,monte_carlo,0.99,2023-08-04,2024-08-01,250,24596.5592852,19576.0031399,22424.127634,True,5020.55614529
2024-08-05,historical,0.95,2023-08-07,2024-08-02,250,30126.4978077,15549.9112169,19363.752511,True,14576.5865907
2024-08-05,parametric,0.95,2023-08-07,2024-08-02,250,30126.4978077,13983.0891737,17716.8221836,True,16143.4086339
2024-08-05,monte_carlo,0.95,2023-08-07,2024-08-02,250,30126.4978077,14010.3552793,17900.6425461,True,16116.1425283
2024-08-05,historical,0.99,2023-08-07,2024-08-02,250,30126.4978077,22271.9650309,25087.9198086,True,7854.53277675
2024-08-05,parametric,0.99,2023-08-07,2024-08-02,250,30126.4978077,20072.5032271,23100.4047834,True,10053.9945806
2024-08-05,monte_carlo,0.99,2023-08-07,2024-08-02,250,30126.4978077,20273.6284993,23682.3619773,True,9852.86930833
2024-09-03,historical,0.95,2023-09-05,2024-08-30,250,26502.8189855,15549.9112169,20455.2050245,True,10952.9077685
2024-09-03,parametric,0.95,2023-09-05,2024-08-30,250,26502.8189855,14448.044939,18353.296247,True,12054.7740465
2024-09-03,monte_carlo,0.95,2023-09-05,2024-08-30,250,26502.8189855,14422.0738653,18197.0263139,True,12080.7451201
2024-09-03,historical,0.99,2023-09-05,2024-08-30,250,26502.8189855,24596.5592852,27764.8140684,True,1906.25970027
2024-09-03,parametric,0.99,2023-09-05,2024-08-30,250,26502.8189855,20817.1913492,23984.187083,True,5685.62763625
2024-09-03,monte_carlo,0.99,2023-09-05,2024-08-30,250,26502.8189855,20340.6128577,23892.8014435,True,6162.20612772
2024-09-06,historical,0.95,2023-09-08,2024-09-05,250,20861.5947595,15633.9937878,21328.0743432,True,5227.60097163
2024-09-06,parametric,0.95,2023-09-08,2024-09-05,250,20861.5947595,14704.9279479,18664.1219077,True,6156.66681152
2024-09-06,monte_carlo,0.95,2023-09-08,2024-09-05,250,20861.5947595,14496.9673247,18421.1478748,True,6364.62743481
2024-09-06,monte_carlo,0.99,2023-09-08,2024-09-05,250,20861.5947595,20792.729774,24087.3151932,True,68.8649855073
2024-10-31,historical,0.95,2023-11-02,2024-10-30,250,20830.9193873,14430.5084823,21359.9632619,True,6400.41090504
2024-10-31,parametric,0.95,2023-11-02,2024-10-30,250,20830.9193873,13799.1729652,17649.5708503,True,7031.74642209
2024-10-31,monte_carlo,0.95,2023-11-02,2024-10-30,250,20830.9193873,13723.0325658,17550.7878416,True,7107.88682146
2024-10-31,parametric,0.99,2023-11-02,2024-10-30,250,20830.9193873,20078.857916,23201.3698144,True,752.061471318
2024-10-31,monte_carlo,0.99,2023-11-02,2024-10-30,250,20830.9193873,20180.5777553,23269.8803191,True,650.341632001
2024-11-15,historical,0.95,2023-11-17,2024-11-14,250,17191.871504,15549.9112169,21827.220025,True,1641.9602871
2024-11-15,parametric,0.95,2023-11-17,2024-11-14,250,17191.871504,14034.4741367,17905.429652,True,3157.39736736
2024-11-15,monte_carlo,0.95,2023-11-17,2024-11-14,250,17191.871504,14302.3105524,18043.2696756,True,2889.56095161
2024-12-18,historical,0.95,2023-12-20,2024-12-17,250,35616.2952269,15633.9937878,21955.2135451,True,19982.301439
2024-12-18,parametric,0.95,2023-12-20,2024-12-17,250,35616.2952269,14284.3297265,18165.7437195,True,21331.9655004
2024-12-18,monte_carlo,0.95,2023-12-20,2024-12-17,250,35616.2952269,14378.5752812,18231.0813446,True,21237.7199457
2024-12-18,historical,0.99,2023-12-20,2024-12-17,250,35616.2952269,26502.8189855,28146.0660084,True,9113.47624141
2024-12-18,parametric,0.99,2023-12-20,2024-12-17,250,35616.2952269,20614.59942,23762.2640868,True,15001.6958069
2024-12-18,monte_carlo,0.99,2023-12-20,2024-12-17,250,35616.2952269,20401.8723893,23689.0930116,True,15214.4228376
2025-01-10,parametric,0.95,2024-01-11,2025-01-08,250,17098.0611869,14801.0555247,18787.2576792,True,2297.0056622
2025-01-10,monte_carlo,0.95,2024-01-11,2025-01-08,250,17098.0611869,14970.1140329,18989.137047,True,2127.947154
2025-01-27,historical,0.95,2024-01-26,2025-01-24,250,18242.3149513,17191.871504,23491.4825516,True,1050.44344726
2025-01-27,parametric,0.95,2024-01-26,2025-01-24,250,18242.3149513,14978.3489225,19014.034919,True,3263.96602876
2025-01-27,monte_carlo,0.95,2024-01-26,2025-01-24,250,18242.3149513,15100.1301889,18968.7016514,True,3142.18476243
2025-02-21,historical,0.95,2024-02-22,2025-02-20,250,21307.2322645,17098.0611869,23063.0216285,True,4209.17107761
2025-02-21,parametric,0.95,2024-02-22,2025-02-20,250,21307.2322645,14753.8524734,18724.1215696,True,6553.3797911
2025-02-21,monte_carlo,0.95,2024-02-22,2025-02-20,250,21307.2322645,14754.0808727,18668.7297165,True,6553.15139188
2025-02-21,parametric,0.99,2024-02-22,2025-02-20,250,21307.2322645,21229.0375939,24448.7600388,True,78.1946705994
2025-02-21,monte_carlo,0.99,2024-02-22,2025-02-20,250,21307.2322645,21128.3016939,24052.6112784,True,178.930570635
2025-02-27,historical,0.95,2024-02-28,2025-02-26,250,19918.2759961,17191.871504,23396.002902,True,2726.40449206
2025-02-27,parametric,0.95,2024-02-28,2025-02-26,250,19918.2759961,15070.6494876,19060.0933701,True,4847.62650846
2025-02-27,monte_carlo,0.95,2024-02-28,2025-02-26,250,19918.2759961,15036.3447964,18827.6601916,True,4881.93119971
2025-03-03,historical,0.95,2024-03-01,2025-02-28,250,21503.573836,18012.2293595,23581.3009472,True,3491.34447643
2025-03-03,parametric,0.95,2024-03-01,2025-02-28,250,21503.573836,15290.6636919,19328.6661476,True,6212.91014409
2025-03-03,monte_carlo,0.95,2024-03-01,2025-02-28,250,21503.573836,15566.0232279,19430.2608194,True,5937.55060808
2025-03-06,historical,0.95,2024-03-06,2025-03-05,250,20554.2383042,18242.3149513,23851.4050816,True,2311.92335292
2025-03-06,parametric,0.95,2024-03-06,2025-03-05,250,20554.2383042,15484.4855608,19555.6012244,True,5069.7527434
2025-03-06,monte_carlo,0.95,2024-03-06,2025-03-05,250,20554.2383042,15391.7040449,19493.1200243,True,5162.53425934
2025-03-10,historical,0.95,2024-03-08,2025-03-07,250,30506.8218389,18498.4157444,24026.1149181,True,12008.4060945
2025-03-10,parametric,0.95,2024-03-08,2025-03-07,250,30506.8218389,15721.7014797,19820.1764439,True,14785.1203592
2025-03-10,monte_carlo,0.95,2024-03-08,2025-03-07,250,30506.8218389,15524.2188983,19708.6394952,True,14982.6029406
2025-03-10,historical,0.99,2024-03-08,2025-03-07,250,30506.8218389,26987.2577207,31694.568758,True,3519.56411816
2025-03-10,parametric,0.99,2024-03-08,2025-03-07,250,30506.8218389,22405.979916,25729.6719663,True,8100.84192294
2025-03-10,monte_carlo,0.99,2024-03-08,2025-03-07,250,30506.8218389,22275.4534662,25950.1257198,True,8231.36837274
2025-03-28,historical,0.95,2024-03-28,2025-03-27,250,22352.9024167,19918.2759961,24929.9929956,True,2434.62642058
2025-03-28,parametric,0.95,2024-03-28,2025-03-27,250,22352.9024167,16550.0395088,20835.2343081,True,5802.86290783
2025-03-28,monte_carlo,0.95,2024-03-28,2025-03-27,250,22352.9024167,16525.9653137,20767.7984328,True,5826.93710299
2025-04-03,historical,0.95,2024-04-04,2025-04-02,250,54498.112546,20554.2383042,25099.3246169,True,33943.8742418
2025-04-03,parametric,0.95,2024-04-04,2025-04-02,250,54498.112546,16697.7002269,21022.1032085,True,37800.4123191
2025-04-03,monte_carlo,0.95,2024-04-04,2025-04-02,250,54498.112546,16620.0116528,21118.0973408,True,37878.1008932
2025-04-03,historical,0.99,2024-04-04,2025-04-02,250,54498.112546,30126.4978077,32474.5463878,True,24371.6147383
2025-04-03,parametric,0.99,2024-04-04,2025-04-02,250,54498.112546,23750.448835,27257.359073,True,30747.663711
2025-04-03,monte_carlo,0.99,2024-04-04,2025-04-02,250,54498.112546,23892.0481112,27658.1425122,True,30606.0644348
2025-04-04,historical,0.95,2024-04-05,2025-04-03,250,56307.4200127,20830.9193873,27803.767313,True,35476.5006254
2025-04-04,parametric,0.95,2024-04-05,2025-04-03,250,56307.4200127,17744.5763239,22292.4912344,True,38562.8436888
2025-04-04,monte_carlo,0.95,2024-04-05,2025-04-03,250,56307.4200127,17589.9838636,22085.8644947,True,38717.4361491
2025-04-04,historical,0.99,2024-04-05,2025-04-03,250,56307.4200127,30506.8218389,42147.1274769,True,25800.5981738
2025-04-04,parametric,0.99,2024-04-05,2025-04-03,250,56307.4200127,25161.8546607,28850.0237395,True,31145.565352
2025-04-04,monte_carlo,0.99,2024-04-05,2025-04-03,250,56307.4200127,24912.6416212,28749.0375944,True,31394.7783915
2025-04-08,parametric,0.95,2024-04-09,2025-04-07,250,19154.0644579,18936.4268493,23716.7283663,True,217.637608603
2025-04-08,monte_carlo,0.95,2024-04-09,2025-04-07,250,19154.0644579,19041.0276902,23782.2872646,True,113.036767727
2025-04-10,historical,0.95,2024-04-11,2025-04-09,250,42918.4544053,20861.5947595,30640.6603481,True,22056.8596458
2025-04-10,parametric,0.95,2024-04-11,2025-04-09,250,42918.4544053,21553.4363669,27097.1664847,True,21365.0180383
2025-04-10,monte_carlo,0.95,2024-04-11,2025-04-09,250,42918.4544053,21822.888782,27279.0164431,True,21095.5656232
2025-04-10,historical,0.99,2024-04-11,2025-04-09,250,42918.4544053,35616.2952269,51445.4720689,True,7302.15917838
2025-04-10,parametric,0.99,2024-04-11,2025-04-09,250,42918.4544053,30594.808098,35090.5417263,True,12323.6463072
2025-04-10,monte_carlo,0.99,2024-04-11,2025-04-09,250,42918.4544053,30590.2693491,35207.645145,True,12328.1850562
2025-04-16,historical,0.95,2024-04-17,2025-04-15,250,21841.0421412,21307.2322645,32387.3836196,True,533.809876698
2025-04-21,historical,0.95,2024-04-19,2025-04-17,250,23196.3748247,21503.573836,32422.2347468,True,1692.8009887
2025-04-21,parametric,0.95,2024-04-19,2025-04-17,250,23196.3748247,22069.4892931,27741.6722174,True,1126.88553155
2025-04-21,monte_carlo,0.95,2024-04-19,2025-04-17,250,23196.3748247,22144.0214249,27910.0582765,True,1052.35339982
2025-10-10,historical,0.95,2024-10-10,2025-10-09,250,30446.97864,19918.2759961,30511.4020162,True,10528.7026439
2025-10-10,parametric,0.95,2024-10-10,2025-10-09,250,30446.97864,20894.3748705,26402.7511212,True,9552.60376953
2025-10-10,monte_carlo,0.95,2024-10-10,2025-10-09,250,30446.97864,21090.7473284,26791.5264001,True,9356.2313116
2025-10-10,parametric,0.99,2024-10-10,2025-10-09,250,30446.97864,29878.0873275,34345.1504459,True,568.891312475
2025-10-10,monte_carlo,0.99,2024-10-10,2025-10-09,250,30446.97864,30341.7221519,35069.2471171,True,105.256488112
2025-11-13,historical,0.95,2024-11-13,2025-11-12,250,20812.0148148,19918.2759961,31280.6867564,True,893.738818701
2026-03-26,historical,0.95,2025-03-27,2026-03-25,250,19845.6267679,18544.3745294,28560.16183,True,1301.25223845
2026-03-26,monte_carlo,0.95,2025-03-27,2026-03-25,250,19845.6267679,19820.4568237,25161.0210067,True,25.1699441517
2026-05-15,parametric,0.95,2025-05-16,2026-05-14,250,16112.7863715,13653.6359459,17435.2061875,True,2459.1504256
2026-05-15,monte_carlo,0.95,2025-05-16,2026-05-14,250,16112.7863715,13474.2924628,17334.1914861,True,2638.49390867
2026-06-05,historical,0.95,2025-06-06,2026-06-04,250,35993.6455625,16112.7863715,19139.482393,True,19880.859191
2026-06-05,parametric,0.95,2025-06-06,2026-06-04,250,35993.6455625,13503.8935121,17262.9708236,True,22489.7520504
2026-06-05,monte_carlo,0.95,2025-06-06,2026-06-04,250,35993.6455625,13624.610182,17311.2726606,True,22369.0353804
2026-06-05,historical,0.99,2025-06-06,2026-06-04,250,35993.6455625,19845.6267679,24472.7227355,True,16148.0187946
2026-06-05,parametric,0.99,2025-06-06,2026-06-04,250,35993.6455625,19634.6420546,22683.0967813,True,16359.0035078
2026-06-05,monte_carlo,0.99,2025-06-06,2026-06-04,250,35993.6455625,19479.4618515,22513.1604542,True,16514.183711
2026-06-10,parametric,0.95,2025-06-11,2026-06-09,250,15903.0828596,14194.2459471,18075.9237663,True,1708.83691252
2026-06-10,monte_carlo,0.95,2025-06-11,2026-06-09,250,15903.0828596,14042.1976146,17785.6438121,True,1860.88524508
2026-06-23,historical,0.95,2025-06-24,2026-06-22,250,19731.8252928,16164.496217,20727.8827344,True,3567.32907571
2026-06-23,parametric,0.95,2025-06-24,2026-06-22,250,19731.8252928,14501.0764243,18498.5198336,True,5230.74886847
2026-06-23,monte_carlo,0.95,2025-06-24,2026-06-22,250,19731.8252928,14327.5914809,18268.7628161,True,5404.23381183
2026-07-29,historical,0.95,2025-07-30,2026-07-28,250,17375.0238208,16223.4090743,21010.9125462,True,1151.61474653
2026-07-29,parametric,0.95,2025-07-30,2026-07-28,250,17375.0238208,15327.9141806,19439.7076019,True,2047.10964021
2026-07-29,monte_carlo,0.95,2025-07-30,2026-07-28,250,17375.0238208,15537.9419388,19464.966744,True,1837.08188203
