kind,scenario,spot_shock_pct,volatility_shock_percentage_points,option_units,baseline_price,stressed_price,full_repricing_pnl_usd,full_repricing_loss_usd,dgamma_vega_pnl_usd,approximation_error_usd
call,zero_shock,0,0,100,10.4505835722,10.4505835722,0,-0,0,0
call,equity_minus10pct,-10,0,100,10.4505835722,5.09122207882,-535.936149337,535.936149337,-543.020564446,-7.08441510958
call,equity_minus20pct,-20,0,100,10.4505835722,1.85941957281,-859.116399937,859.116399937,-898.420955434,-39.304555497
call,volatility_plus10points,0,10,100,10.4505835722,14.231254786,378.06712138,-378.06712138,375.240346917,-2.82677446309
call,equity_minus20pct_vol_plus10points,-20,10,100,10.4505835722,4.55321935007,-589.736422212,589.736422212,-523.180608517,66.5558136947
put,zero_shock,0,0,100,5.57352602226,5.57352602226,0,-0,0,0
put,equity_minus10pct,-10,0,100,5.57352602226,10.2141645289,464.063850663,-464.063850663,456.979435554,-7.08441510958
put,equity_minus20pct,-20,0,100,5.57352602226,16.9823620229,1140.88360006,-1140.88360006,1101.57904457,-39.304555497
put,volatility_plus10points,0,10,100,5.57352602226,9.35419723606,378.06712138,-378.06712138,375.240346917,-2.82677446309
put,equity_minus20pct_vol_plus10points,-20,10,100,5.57352602226,19.6761618001,1410.26357779,-1410.26357779,1476.81939148,66.5558136947
