start_position,start,end,liquidity_adjusted_es_usd
0,2018-01-03,2018-12-31,96352.0266735
1,2018-01-04,2019-01-02,96352.0266735
2,2018-01-05,2019-01-03,96352.0266735
3,2018-01-08,2019-01-04,96352.0266735
4,2018-01-09,2019-01-07,96352.0266735
5,2018-01-10,2019-01-08,96352.0266735
6,2018-01-11,2019-01-09,96352.0266735
7,2018-01-12,2019-01-10,96352.0266735
8,2018-01-16,2019-01-11,96352.0266735
9,2018-01-17,2019-01-14,96352.0266735
10,2018-01-18,2019-01-15,96352.0266735
11,2018-01-19,2019-01-16,96352.0266735
12,2018-01-22,2019-01-17,96352.0266735
13,2018-01-23,2019-01-18,96352.0266735
14,2018-01-24,2019-01-22,96352.0266735
15,2018-01-25,2019-01-23,96352.0266735
16,2018-01-26,2019-01-24,96352.0266735
17,2018-01-29,2019-01-25,94802.9031799
18,2018-01-30,2019-01-28,93529.7536092
19,2018-01-31,2019-01-29,93529.7536092
20,2018-02-01,2019-01-30,93529.7536092
21,2018-02-02,2019-01-31,93529.7536092
22,2018-02-05,2019-02-01,93529.7536092
23,2018-02-06,2019-02-04,93529.7536092
24,2018-02-07,2019-02-05,93529.7536092
25,2018-02-08,2019-02-06,93529.7536092
26,2018-02-09,2019-02-07,93529.7536092
27,2018-02-12,2019-02-08,93529.7536092
28,2018-02-13,2019-02-11,93529.7536092
29,2018-02-14,2019-02-12,93529.7536092
30,2018-02-15,2019-02-13,93529.7536092
31,2018-02-16,2019-02-14,93529.7536092
32,2018-02-20,2019-02-15,93529.7536092
33,2018-02-21,2019-02-19,93529.7536092
34,2018-02-22,2019-02-20,93529.7536092
35,2018-02-23,2019-02-21,93529.7536092
36,2018-02-26,2019-02-22,93529.7536092
37,2018-02-27,2019-02-25,93529.7536092
38,2018-02-28,2019-02-26,93529.7536092
39,2018-03-01,2019-02-27,93529.7536092
40,2018-03-02,2019-02-28,93529.7536092
41,2018-03-05,2019-03-01,93529.7536092
42,2018-03-06,2019-03-04,93529.7536092
43,2018-03-07,2019-03-05,93529.7536092
44,2018-03-08,2019-03-06,93529.7536092
45,2018-03-09,2019-03-07,93529.7536092
46,2018-03-12,2019-03-08,93529.7536092
47,2018-03-13,2019-03-11,93529.7536092
48,2018-03-14,2019-03-12,93529.7536092
49,2018-03-15,2019-03-13,93529.7536092
50,2018-03-16,2019-03-14,93529.7536092
51,2018-03-19,2019-03-15,93529.7536092
52,2018-03-20,2019-03-18,93529.7536092
53,2018-03-21,2019-03-19,93529.7536092
54,2018-03-22,2019-03-20,93529.7536092
55,2018-03-23,2019-03-21,93529.7536092
56,2018-03-26,2019-03-22,93529.7536092
57,2018-03-27,2019-03-25,93529.7536092
58,2018-03-28,2019-03-26,93529.7536092
59,2018-03-29,2019-03-27,93529.7536092
60,2018-04-02,2019-03-28,93529.7536092
61,2018-04-03,2019-03-29,93529.7536092
62,2018-04-04,2019-04-01,93529.7536092
63,2018-04-05,2019-04-02,93529.7536092
64,2018-04-06,2019-04-03,93529.7536092
65,2018-04-09,2019-04-04,93529.7536092
66,2018-04-10,2019-04-05,93529.7536092
67,2018-04-11,2019-04-08,93529.7536092
68,2018-04-12,2019-04-09,93529.7536092
69,2018-04-13,2019-04-10,93529.7536092
70,2018-04-16,2019-04-11,93529.7536092
71,2018-04-17,2019-04-12,93529.7536092
72,2018-04-18,2019-04-15,93529.7536092
73,2018-04-19,2019-04-16,93529.7536092
74,2018-04-20,2019-04-17,93529.7536092
75,2018-04-23,2019-04-18,93529.7536092
76,2018-04-24,2019-04-22,93529.7536092
77,2018-04-25,2019-04-23,93529.7536092
78,2018-04-26,2019-04-24,93529.7536092
79,2018-04-27,2019-04-25,93529.7536092
80,2018-04-30,2019-04-26,93529.7536092
81,2018-05-01,2019-04-29,93529.7536092
82,2018-05-02,2019-04-30,93529.7536092
83,2018-05-03,2019-05-01,93529.7536092
84,2018-05-04,2019-05-02,93529.7536092
85,2018-05-07,2019-05-03,93529.7536092
86,2018-05-08,2019-05-06,93529.7536092
87,2018-05-09,2019-05-07,93529.7536092
88,2018-05-10,2019-05-08,93529.7536092
89,2018-05-11,2019-05-09,93529.7536092
90,2018-05-14,2019-05-10,93529.7536092
91,2018-05-15,2019-05-13,93529.7536092
92,2018-05-16,2019-05-14,93529.7536092
93,2018-05-17,2019-05-15,93529.7536092
94,2018-05-18,2019-05-16,93529.7536092
95,2018-05-21,2019-05-17,93529.7536092
96,2018-05-22,2019-05-20,93529.7536092
97,2018-05-23,2019-05-21,93529.7536092
98,2018-05-24,2019-05-22,93529.7536092
99,2018-05-25,2019-05-23,93529.7536092
100,2018-05-29,2019-05-24,93529.7536092
101,2018-05-30,2019-05-28,93529.7536092
102,2018-05-31,2019-05-29,93529.7536092
103,2018-06-01,2019-05-30,93529.7536092
104,2018-06-04,2019-05-31,93529.7536092
105,2018-06-05,2019-06-03,93529.7536092
106,2018-06-06,2019-06-04,93529.7536092
107,2018-06-07,2019-06-05,93529.7536092
108,2018-06-08,2019-06-06,93529.7536092
109,2018-06-11,2019-06-07,93529.7536092
110,2018-06-12,2019-06-10,93529.7536092
111,2018-06-13,2019-06-11,93529.7536092
112,2018-06-14,2019-06-12,93529.7536092
113,2018-06-15,2019-06-13,93529.7536092
114,2018-06-18,2019-06-14,93529.7536092
115,2018-06-19,2019-06-17,93529.7536092
116,2018-06-20,2019-06-18,93529.7536092
117,2018-06-21,2019-06-19,93529.7536092
118,2018-06-22,2019-06-20,93529.7536092
119,2018-06-25,2019-06-21,93529.7536092
120,2018-06-26,2019-06-24,93529.7536092
121,2018-06-27,2019-06-25,93529.7536092
122,2018-06-28,2019-06-26,93529.7536092
123,2018-06-29,2019-06-27,93529.7536092
124,2018-07-02,2019-06-28,93529.7536092
125,2018-07-03,2019-07-01,93529.7536092
126,2018-07-05,2019-07-02,93529.7536092
127,2018-07-06,2019-07-03,93529.7536092
128,2018-07-09,2019-07-05,93529.7536092
129,2018-07-10,2019-07-08,93529.7536092
130,2018-07-11,2019-07-09,93529.7536092
131,2018-07-12,2019-07-10,93529.7536092
132,2018-07-13,2019-07-11,93529.7536092
133,2018-07-16,2019-07-12,93529.7536092
134,2018-07-17,2019-07-15,93529.7536092
135,2018-07-18,2019-07-16,93529.7536092
136,2018-07-19,2019-07-17,93529.7536092
137,2018-07-20,2019-07-18,93529.7536092
138,2018-07-23,2019-07-19,93529.7536092
139,2018-07-24,2019-07-22,93529.7536092
140,2018-07-25,2019-07-23,93529.7536092
141,2018-07-26,2019-07-24,93529.7536092
142,2018-07-27,2019-07-25,93529.7536092
143,2018-07-30,2019-07-26,93529.7536092
144,2018-07-31,2019-07-29,93529.7536092
145,2018-08-01,2019-07-30,93529.7536092
146,2018-08-02,2019-07-31,93529.7536092
147,2018-08-03,2019-08-01,93529.7536092
148,2018-08-06,2019-08-02,93529.7536092
149,2018-08-07,2019-08-05,93529.7536092
150,2018-08-08,2019-08-06,93529.7536092
151,2018-08-09,2019-08-07,93529.7536092
152,2018-08-10,2019-08-08,93529.7536092
153,2018-08-13,2019-08-09,93529.7536092
154,2018-08-14,2019-08-12,93529.7536092
155,2018-08-15,2019-08-13,93529.7536092
156,2018-08-16,2019-08-14,93529.7536092
157,2018-08-17,2019-08-15,93529.7536092
158,2018-08-20,2019-08-16,93529.7536092
159,2018-08-21,2019-08-19,93529.7536092
160,2018-08-22,2019-08-20,93529.7536092
161,2018-08-23,2019-08-21,93529.7536092
162,2018-08-24,2019-08-22,93529.7536092
163,2018-08-27,2019-08-23,93529.7536092
164,2018-08-28,2019-08-26,93529.7536092
165,2018-08-29,2019-08-27,93529.7536092
166,2018-08-30,2019-08-28,93529.7536092
167,2018-08-31,2019-08-29,93529.7536092
168,2018-09-04,2019-08-30,93529.7536092
169,2018-09-05,2019-09-03,93529.7536092
170,2018-09-06,2019-09-04,93529.7536092
171,2018-09-07,2019-09-05,93529.7536092
172,2018-09-10,2019-09-06,93529.7536092
173,2018-09-11,2019-09-09,93529.7536092
174,2018-09-12,2019-09-10,93529.7536092
175,2018-09-13,2019-09-11,93529.7536092
176,2018-09-14,2019-09-12,93529.7536092
177,2018-09-17,2019-09-13,93529.7536092
178,2018-09-18,2019-09-16,93529.7536092
179,2018-09-19,2019-09-17,93529.7536092
180,2018-09-20,2019-09-18,93529.7536092
181,2018-09-21,2019-09-19,93529.7536092
182,2018-09-24,2019-09-20,93529.7536092
183,2018-09-25,2019-09-23,93529.7536092
184,2018-09-26,2019-09-24,93529.7536092
185,2018-09-27,2019-09-25,93529.7536092
186,2018-09-28,2019-09-26,93529.7536092
187,2018-10-01,2019-09-27,92925.2620195
188,2018-10-02,2019-09-30,92922.3545819
189,2018-10-03,2019-10-01,92922.3545819
190,2018-10-04,2019-10-02,92922.3545819
191,2018-10-05,2019-10-03,92922.3545819
192,2018-10-08,2019-10-04,92922.3545819
193,2018-10-09,2019-10-07,92922.3545819
194,2018-10-10,2019-10-08,92922.3545819
195,2018-10-11,2019-10-09,92922.3545819
196,2018-10-12,2019-10-10,92922.3545819
197,2018-10-15,2019-10-11,92922.3545819
198,2018-10-16,2019-10-14,92922.3545819
199,2018-10-17,2019-10-15,92922.3545819
200,2018-10-18,2019-10-16,92922.3545819
201,2018-10-19,2019-10-17,92922.3545819
202,2018-10-22,2019-10-18,92922.3545819
203,2018-10-23,2019-10-21,92922.3545819
204,2018-10-24,2019-10-22,92922.3545819
205,2018-10-25,2019-10-23,92922.3545819
206,2018-10-26,2019-10-24,92922.3545819
207,2018-10-29,2019-10-25,92922.3545819
208,2018-10-30,2019-10-28,92922.3545819
209,2018-10-31,2019-10-29,92922.3545819
210,2018-11-01,2019-10-30,92922.3545819
211,2018-11-02,2019-10-31,92922.3545819
212,2018-11-05,2019-11-01,92922.3545819
213,2018-11-06,2019-11-04,92922.3545819
214,2018-11-07,2019-11-05,92922.3545819
215,2018-11-08,2019-11-06,92922.3545819
216,2018-11-09,2019-11-07,92922.3545819
217,2018-11-12,2019-11-08,92919.9302873
218,2018-11-13,2019-11-11,92919.9302873
219,2018-11-14,2019-11-12,92919.9302873
220,2018-11-15,2019-11-13,92919.9302873
221,2018-11-16,2019-11-14,92919.9302873
222,2018-11-19,2019-11-15,92919.9302873
223,2018-11-20,2019-11-18,92919.9302873
224,2018-11-21,2019-11-19,92919.9302873
225,2018-11-23,2019-11-20,92919.9302873
226,2018-11-26,2019-11-21,92919.9302873
227,2018-11-27,2019-11-22,92919.9302873
228,2018-11-28,2019-11-25,92919.9302873
229,2018-11-29,2019-11-26,92919.9302873
230,2018-11-30,2019-11-27,92919.9302873
231,2018-12-03,2019-11-29,92919.9302873
232,2018-12-04,2019-12-02,91144.8867028
233,2018-12-06,2019-12-03,87117.746154
234,2018-12-07,2019-12-04,85519.6530869
235,2018-12-10,2019-12-05,79230.8814568
236,2018-12-11,2019-12-06,72819.5424836
237,2018-12-12,2019-12-09,62015.4560909
238,2018-12-13,2019-12-10,59056.9309079
239,2018-12-14,2019-12-11,55715.4848547
240,2018-12-17,2019-12-12,52998.4573037
241,2018-12-18,2019-12-13,52998.4573037
242,2018-12-19,2019-12-16,52998.4573037
243,2018-12-20,2019-12-17,52998.4573037
244,2018-12-21,2019-12-18,52998.4573037
245,2018-12-24,2019-12-19,52998.4573037
246,2018-12-26,2019-12-20,52998.4573037
247,2018-12-27,2019-12-23,52998.4573037
248,2018-12-28,2019-12-24,52998.4573037
249,2018-12-31,2019-12-26,52998.4573037
250,2019-01-02,2019-12-27,52998.4573037
251,2019-01-03,2019-12-30,52998.4573037
252,2019-01-04,2019-12-31,52998.4573037
253,2019-01-07,2020-01-02,52998.4573037
254,2019-01-08,2020-01-03,52998.4573037
255,2019-01-09,2020-01-06,52998.4573037
256,2019-01-10,2020-01-07,52998.4573037
257,2019-01-11,2020-01-08,52998.4573037
258,2019-01-14,2020-01-09,52998.4573037
259,2019-01-15,2020-01-10,52998.4573037
260,2019-01-16,2020-01-13,52998.4573037
261,2019-01-17,2020-01-14,52998.4573037
262,2019-01-18,2020-01-15,52998.4573037
263,2019-01-22,2020-01-16,52998.4573037
264,2019-01-23,2020-01-17,52998.4573037
265,2019-01-24,2020-01-21,52998.4573037
266,2019-01-25,2020-01-22,52998.4573037
267,2019-01-28,2020-01-23,52998.4573037
268,2019-01-29,2020-01-24,52998.4573037
269,2019-01-30,2020-01-27,52998.4573037
270,2019-01-31,2020-01-28,52998.4573037
271,2019-02-01,2020-01-29,52998.4573037
272,2019-02-04,2020-01-30,52998.4573037
273,2019-02-05,2020-01-31,52999.1967075
274,2019-02-06,2020-02-03,52999.1967075
275,2019-02-07,2020-02-04,52999.1967075
276,2019-02-08,2020-02-05,52999.1967075
277,2019-02-11,2020-02-06,52999.1967075
278,2019-02-12,2020-02-07,52999.1967075
279,2019-02-13,2020-02-10,52999.1967075
280,2019-02-14,2020-02-11,52999.1967075
281,2019-02-15,2020-02-12,52999.1967075
282,2019-02-19,2020-02-13,52999.1967075
283,2019-02-20,2020-02-14,52999.1967075
284,2019-02-21,2020-02-18,52999.1967075
285,2019-02-22,2020-02-19,52999.1967075
286,2019-02-25,2020-02-20,52999.1967075
287,2019-02-26,2020-02-21,52999.1967075
288,2019-02-27,2020-02-24,52999.1967075
289,2019-02-28,2020-02-25,55609.4947927
290,2019-03-01,2020-02-26,59084.3549017
291,2019-03-04,2020-02-27,70635.7373777
292,2019-03-05,2020-02-28,83059.4443281
293,2019-03-06,2020-03-02,88967.5774932
294,2019-03-07,2020-03-03,98799.7217938
295,2019-03-08,2020-03-04,101772.215648
296,2019-03-11,2020-03-05,108277.250026
297,2019-03-12,2020-03-06,113411.226713
298,2019-03-13,2020-03-09,125139.064535
299,2019-03-14,2020-03-10,125449.338296
300,2019-03-15,2020-03-11,129694.064668
301,2019-03-18,2020-03-12,141764.806519
302,2019-03-19,2020-03-13,142434.691767
303,2019-03-20,2020-03-16,165764.632767
304,2019-03-21,2020-03-17,176513.674768
305,2019-03-22,2020-03-18,197869.129527
306,2019-03-25,2020-03-19,212460.486861
307,2019-03-26,2020-03-20,225720.938355
308,2019-03-27,2020-03-23,225811.258293
309,2019-03-28,2020-03-24,225811.258293
310,2019-03-29,2020-03-25,225811.258293
311,2019-04-01,2020-03-26,225811.258293
312,2019-04-02,2020-03-27,225811.258293
313,2019-04-03,2020-03-30,225811.258293
314,2019-04-04,2020-03-31,225811.258293
315,2019-04-05,2020-04-01,225811.258293
316,2019-04-08,2020-04-02,225811.258293
317,2019-04-09,2020-04-03,225811.258293
318,2019-04-10,2020-04-06,225811.258293
319,2019-04-11,2020-04-07,225811.258293
320,2019-04-12,2020-04-08,225811.258293
321,2019-04-15,2020-04-09,225811.258293
322,2019-04-16,2020-04-13,225811.258293
323,2019-04-17,2020-04-14,225811.258293
324,2019-04-18,2020-04-15,225811.258293
325,2019-04-22,2020-04-16,225811.258293
326,2019-04-23,2020-04-17,225811.258293
327,2019-04-24,2020-04-20,225811.258293
328,2019-04-25,2020-04-21,225811.258293
329,2019-04-26,2020-04-22,225811.258293
330,2019-04-29,2020-04-23,225811.258293
331,2019-04-30,2020-04-24,225811.258293
332,2019-05-01,2020-04-27,225811.258293
333,2019-05-02,2020-04-28,225811.258293
334,2019-05-03,2020-04-29,225811.258293
335,2019-05-06,2020-04-30,225811.258293
336,2019-05-07,2020-05-01,225811.258293
337,2019-05-08,2020-05-04,225811.258293
338,2019-05-09,2020-05-05,225811.258293
339,2019-05-10,2020-05-06,225811.258293
340,2019-05-13,2020-05-07,225811.258293
341,2019-05-14,2020-05-08,225811.258293
342,2019-05-15,2020-05-11,225811.258293
343,2019-05-16,2020-05-12,225811.258293
344,2019-05-17,2020-05-13,225811.258293
345,2019-05-20,2020-05-14,225811.258293
346,2019-05-21,2020-05-15,225811.258293
347,2019-05-22,2020-05-18,225811.258293
348,2019-05-23,2020-05-19,225811.258293
349,2019-05-24,2020-05-20,225811.258293
350,2019-05-28,2020-05-21,225811.258293
351,2019-05-29,2020-05-22,225811.258293
352,2019-05-30,2020-05-26,225811.258293
353,2019-05-31,2020-05-27,225811.258293
354,2019-06-03,2020-05-28,225811.258293
355,2019-06-04,2020-05-29,225811.258293
356,2019-06-05,2020-06-01,225811.258293
357,2019-06-06,2020-06-02,225811.258293
358,2019-06-07,2020-06-03,225811.258293
359,2019-06-10,2020-06-04,225811.258293
360,2019-06-11,2020-06-05,225811.258293
361,2019-06-12,2020-06-08,225811.258293
362,2019-06-13,2020-06-09,225811.258293
363,2019-06-14,2020-06-10,225811.258293
364,2019-06-17,2020-06-11,225811.258293
365,2019-06-18,2020-06-12,225811.258293
366,2019-06-19,2020-06-15,225811.258293
367,2019-06-20,2020-06-16,225811.258293
368,2019-06-21,2020-06-17,225811.258293
369,2019-06-24,2020-06-18,225811.258293
370,2019-06-25,2020-06-19,225811.258293
371,2019-06-26,2020-06-22,225811.258293
372,2019-06-27,2020-06-23,225811.258293
373,2019-06-28,2020-06-24,225811.258293
374,2019-07-01,2020-06-25,225811.258293
375,2019-07-02,2020-06-26,225811.258293
376,2019-07-03,2020-06-29,225811.258293
377,2019-07-05,2020-06-30,225811.258293
378,2019-07-08,2020-07-01,225811.258293
379,2019-07-09,2020-07-02,225811.258293
380,2019-07-10,2020-07-06,225811.258293
381,2019-07-11,2020-07-07,225811.258293
382,2019-07-12,2020-07-08,225811.258293
383,2019-07-15,2020-07-09,225811.258293
384,2019-07-16,2020-07-10,225811.258293
385,2019-07-17,2020-07-13,225811.258293
386,2019-07-18,2020-07-14,225811.258293
387,2019-07-19,2020-07-15,225811.258293
388,2019-07-22,2020-07-16,225811.258293
389,2019-07-23,2020-07-17,225811.258293
390,2019-07-24,2020-07-20,225811.258293
391,2019-07-25,2020-07-21,225811.258293
392,2019-07-26,2020-07-22,225811.258293
393,2019-07-29,2020-07-23,225811.258293
394,2019-07-30,2020-07-24,225811.258293
395,2019-07-31,2020-07-27,225811.258293
396,2019-08-01,2020-07-28,225811.258293
397,2019-08-02,2020-07-29,225811.258293
398,2019-08-05,2020-07-30,225811.258293
399,2019-08-06,2020-07-31,225811.258293
400,2019-08-07,2020-08-03,225811.258293
401,2019-08-08,2020-08-04,225811.258293
402,2019-08-09,2020-08-05,225811.258293
403,2019-08-12,2020-08-06,225811.258293
404,2019-08-13,2020-08-07,225811.258293
405,2019-08-14,2020-08-10,225811.258293
406,2019-08-15,2020-08-11,225811.258293
407,2019-08-16,2020-08-12,225811.258293
408,2019-08-19,2020-08-13,225811.258293
409,2019-08-20,2020-08-14,225811.258293
410,2019-08-21,2020-08-17,225811.258293
411,2019-08-22,2020-08-18,225811.258293
412,2019-08-23,2020-08-19,225811.258293
413,2019-08-26,2020-08-20,225811.258293
414,2019-08-27,2020-08-21,225811.258293
415,2019-08-28,2020-08-24,225811.258293
416,2019-08-29,2020-08-25,225811.258293
417,2019-08-30,2020-08-26,225811.258293
418,2019-09-03,2020-08-27,225811.258293
419,2019-09-04,2020-08-28,225811.258293
420,2019-09-05,2020-08-31,225811.258293
421,2019-09-06,2020-09-01,225811.258293
422,2019-09-09,2020-09-02,225811.258293
423,2019-09-10,2020-09-03,225811.258293
424,2019-09-11,2020-09-04,225811.258293
425,2019-09-12,2020-09-08,225811.258293
426,2019-09-13,2020-09-09,225811.258293
427,2019-09-16,2020-09-10,225811.258293
428,2019-09-17,2020-09-11,225811.258293
429,2019-09-18,2020-09-14,225811.258293
430,2019-09-19,2020-09-15,225811.258293
431,2019-09-20,2020-09-16,225811.258293
432,2019-09-23,2020-09-17,225811.258293
433,2019-09-24,2020-09-18,225811.258293
434,2019-09-25,2020-09-21,225811.258293
435,2019-09-26,2020-09-22,225811.258293
436,2019-09-27,2020-09-23,225811.258293
437,2019-09-30,2020-09-24,225811.258293
438,2019-10-01,2020-09-25,225811.258293
439,2019-10-02,2020-09-28,225811.258293
440,2019-10-03,2020-09-29,225811.258293
441,2019-10-04,2020-09-30,225811.258293
442,2019-10-07,2020-10-01,225811.258293
443,2019-10-08,2020-10-02,225811.258293
444,2019-10-09,2020-10-05,225811.258293
445,2019-10-10,2020-10-06,225811.258293
446,2019-10-11,2020-10-07,225811.258293
447,2019-10-14,2020-10-08,225811.258293
448,2019-10-15,2020-10-09,225811.258293
449,2019-10-16,2020-10-12,225811.258293
450,2019-10-17,2020-10-13,225811.258293
451,2019-10-18,2020-10-14,225811.258293
452,2019-10-21,2020-10-15,225811.258293
453,2019-10-22,2020-10-16,225811.258293
454,2019-10-23,2020-10-19,225811.258293
455,2019-10-24,2020-10-20,225811.258293
456,2019-10-25,2020-10-21,225811.258293
457,2019-10-28,2020-10-22,225811.258293
458,2019-10-29,2020-10-23,225811.258293
459,2019-10-30,2020-10-26,225811.258293
460,2019-10-31,2020-10-27,225811.258293
461,2019-11-01,2020-10-28,225811.258293
462,2019-11-04,2020-10-29,225811.258293
463,2019-11-05,2020-10-30,225811.258293
464,2019-11-06,2020-11-02,225811.258293
465,2019-11-07,2020-11-03,225811.258293
466,2019-11-08,2020-11-04,225811.258293
467,2019-11-11,2020-11-05,225811.258293
468,2019-11-12,2020-11-06,225811.258293
469,2019-11-13,2020-11-09,225811.258293
470,2019-11-14,2020-11-10,225811.258293
471,2019-11-15,2020-11-11,225811.258293
472,2019-11-18,2020-11-12,225811.258293
473,2019-11-19,2020-11-13,225811.258293
474,2019-11-20,2020-11-16,225811.258293
475,2019-11-21,2020-11-17,225811.258293
476,2019-11-22,2020-11-18,225811.258293
477,2019-11-25,2020-11-19,225811.258293
478,2019-11-26,2020-11-20,225811.258293
479,2019-11-27,2020-11-23,225811.258293
480,2019-11-29,2020-11-24,225811.258293
481,2019-12-02,2020-11-25,225811.258293
482,2019-12-03,2020-11-27,225811.258293
483,2019-12-04,2020-11-30,225811.258293
484,2019-12-05,2020-12-01,225811.258293
485,2019-12-06,2020-12-02,225811.258293
486,2019-12-09,2020-12-03,225811.258293
487,2019-12-10,2020-12-04,225811.258293
488,2019-12-11,2020-12-07,225811.258293
489,2019-12-12,2020-12-08,225811.258293
490,2019-12-13,2020-12-09,225811.258293
491,2019-12-16,2020-12-10,225811.258293
492,2019-12-17,2020-12-11,225811.258293
493,2019-12-18,2020-12-14,225811.258293
494,2019-12-19,2020-12-15,225811.258293
495,2019-12-20,2020-12-16,225811.258293
496,2019-12-23,2020-12-17,225811.258293
497,2019-12-24,2020-12-18,225811.258293
498,2019-12-26,2020-12-21,225811.258293
499,2019-12-27,2020-12-22,225811.258293
500,2019-12-30,2020-12-23,225811.258293
501,2019-12-31,2020-12-24,225811.258293
502,2020-01-02,2020-12-28,225811.258293
503,2020-01-03,2020-12-29,225811.258293
504,2020-01-06,2020-12-30,225811.258293
505,2020-01-07,2020-12-31,225811.258293
506,2020-01-08,2021-01-04,225811.258293
507,2020-01-09,2021-01-05,225811.258293
508,2020-01-10,2021-01-06,225811.258293
509,2020-01-13,2021-01-07,225811.258293
510,2020-01-14,2021-01-08,225811.258293
511,2020-01-15,2021-01-11,225811.258293
512,2020-01-16,2021-01-12,225811.258293
513,2020-01-17,2021-01-13,225811.258293
514,2020-01-21,2021-01-14,225811.258293
515,2020-01-22,2021-01-15,225811.258293
516,2020-01-23,2021-01-19,225811.258293
517,2020-01-24,2021-01-20,225811.258293
518,2020-01-27,2021-01-21,225811.258293
519,2020-01-28,2021-01-22,225811.258293
520,2020-01-29,2021-01-25,225811.258293
521,2020-01-30,2021-01-26,225811.258293
522,2020-01-31,2021-01-27,225811.258293
523,2020-02-03,2021-01-28,225811.258293
524,2020-02-04,2021-01-29,225811.258293
525,2020-02-05,2021-02-01,225811.258293
526,2020-02-06,2021-02-02,225811.258293
527,2020-02-07,2021-02-03,225811.258293
528,2020-02-10,2021-02-04,225811.258293
529,2020-02-11,2021-02-05,225811.258293
530,2020-02-12,2021-02-08,225811.258293
531,2020-02-13,2021-02-09,225811.258293
532,2020-02-14,2021-02-10,225811.258293
533,2020-02-18,2021-02-11,225811.258293
534,2020-02-19,2021-02-12,225811.258293
535,2020-02-20,2021-02-16,225811.258293
536,2020-02-21,2021-02-17,225811.258293
537,2020-02-24,2021-02-18,225811.258293
538,2020-02-25,2021-02-19,225811.258293
539,2020-02-26,2021-02-22,225811.258293
540,2020-02-27,2021-02-23,225811.258293
541,2020-02-28,2021-02-24,225811.258293
542,2020-03-02,2021-02-25,224784.138812
543,2020-03-03,2021-02-26,224784.138812
544,2020-03-04,2021-03-01,206884.989227
545,2020-03-05,2021-03-02,191584.076856
546,2020-03-06,2021-03-03,160533.106338
547,2020-03-09,2021-03-04,133849.609773
548,2020-03-10,2021-03-05,104419.391241
549,2020-03-11,2021-03-08,83246.0212327
550,2020-03-12,2021-03-09,67239.3351389
551,2020-03-13,2021-03-10,59695.8232235
552,2020-03-16,2021-03-11,59695.8232235
553,2020-03-17,2021-03-12,59652.2986101
554,2020-03-18,2021-03-15,59652.2986101
555,2020-03-19,2021-03-16,59652.2986101
556,2020-03-20,2021-03-17,59652.2986101
557,2020-03-23,2021-03-18,59652.2986101
558,2020-03-24,2021-03-19,59652.2986101
559,2020-03-25,2021-03-22,59652.2986101
560,2020-03-26,2021-03-23,59652.2986101
561,2020-03-27,2021-03-24,59838.5073978
562,2020-03-30,2021-03-25,59956.9587283
563,2020-03-31,2021-03-26,59956.9587283
564,2020-04-01,2021-03-29,60279.9799858
565,2020-04-02,2021-03-30,60279.9799858
566,2020-04-03,2021-03-31,60279.9799858
567,2020-04-06,2021-04-01,60279.9799858
568,2020-04-07,2021-04-05,60279.9799858
569,2020-04-08,2021-04-06,60279.9799858
570,2020-04-09,2021-04-07,60279.9799858
571,2020-04-13,2021-04-08,60279.9799858
572,2020-04-14,2021-04-09,60279.9799858
573,2020-04-15,2021-04-12,60279.9799858
574,2020-04-16,2021-04-13,60279.9799858
575,2020-04-17,2021-04-14,60279.9799858
576,2020-04-20,2021-04-15,60279.9799858
577,2020-04-21,2021-04-16,60279.9799858
578,2020-04-22,2021-04-19,60279.9799858
579,2020-04-23,2021-04-20,60279.9799858
580,2020-04-24,2021-04-21,60279.9799858
581,2020-04-27,2021-04-22,60279.9799858
582,2020-04-28,2021-04-23,60279.9799858
583,2020-04-29,2021-04-26,60279.9799858
584,2020-04-30,2021-04-27,60279.9799858
585,2020-05-01,2021-04-28,59836.5456778
586,2020-05-04,2021-04-29,59836.1483437
587,2020-05-05,2021-04-30,59836.1483437
588,2020-05-06,2021-05-03,59836.1483437
589,2020-05-07,2021-05-04,59836.1483437
590,2020-05-08,2021-05-05,59836.1483437
591,2020-05-11,2021-05-06,59836.1483437
592,2020-05-12,2021-05-07,59836.1483437
593,2020-05-13,2021-05-10,59836.1483437
594,2020-05-14,2021-05-11,59836.1483437
595,2020-05-15,2021-05-12,60662.4753336
596,2020-05-18,2021-05-13,60662.4753336
597,2020-05-19,2021-05-14,60662.4753336
598,2020-05-20,2021-05-17,60662.4753336
599,2020-05-21,2021-05-18,60662.4753336
600,2020-05-22,2021-05-19,60662.4753336
601,2020-05-26,2021-05-20,60662.4753336
602,2020-05-27,2021-05-21,60662.4753336
603,2020-05-28,2021-05-24,60662.4753336
604,2020-05-29,2021-05-25,60662.4753336
605,2020-06-01,2021-05-26,60662.4753336
606,2020-06-02,2021-05-27,60662.4753336
607,2020-06-03,2021-05-28,60662.4753336
608,2020-06-04,2021-06-01,60662.4753336
609,2020-06-05,2021-06-02,60662.4753336
610,2020-06-08,2021-06-03,60662.4753336
611,2020-06-09,2021-06-04,60649.9472563
612,2020-06-10,2021-06-07,60500.2049459
613,2020-06-11,2021-06-08,60500.2049459
614,2020-06-12,2021-06-09,60500.2049459
615,2020-06-15,2021-06-10,60500.2049459
616,2020-06-16,2021-06-11,60500.2049459
617,2020-06-17,2021-06-14,60500.2049459
618,2020-06-18,2021-06-15,60500.2049459
619,2020-06-19,2021-06-16,60500.2049459
620,2020-06-22,2021-06-17,60500.2049459
621,2020-06-23,2021-06-18,60500.2049459
622,2020-06-24,2021-06-21,60500.2049459
623,2020-06-25,2021-06-22,60500.2049459
624,2020-06-26,2021-06-23,60500.2049459
625,2020-06-29,2021-06-24,60500.2049459
626,2020-06-30,2021-06-25,60500.2049459
627,2020-07-01,2021-06-28,60500.2049459
628,2020-07-02,2021-06-29,60500.2049459
629,2020-07-06,2021-06-30,60500.2049459
630,2020-07-07,2021-07-01,60500.2049459
631,2020-07-08,2021-07-02,60500.2049459
632,2020-07-09,2021-07-06,60500.2049459
633,2020-07-10,2021-07-07,60500.2049459
634,2020-07-13,2021-07-08,60500.2049459
635,2020-07-14,2021-07-09,60500.2049459
636,2020-07-15,2021-07-12,60500.2049459
637,2020-07-16,2021-07-13,60500.2049459
638,2020-07-17,2021-07-14,60500.2049459
639,2020-07-20,2021-07-15,60500.2049459
640,2020-07-21,2021-07-16,60701.6454988
641,2020-07-22,2021-07-19,60935.1437749
642,2020-07-23,2021-07-20,60935.1437749
643,2020-07-24,2021-07-21,60935.1437749
644,2020-07-27,2021-07-22,60935.1437749
645,2020-07-28,2021-07-23,60935.1437749
646,2020-07-29,2021-07-26,60935.1437749
647,2020-07-30,2021-07-27,60935.1437749
648,2020-07-31,2021-07-28,60935.1437749
649,2020-08-03,2021-07-29,60935.1437749
650,2020-08-04,2021-07-30,60935.1437749
651,2020-08-05,2021-08-02,60935.1437749
652,2020-08-06,2021-08-03,60935.1437749
653,2020-08-07,2021-08-04,60935.1437749
654,2020-08-10,2021-08-05,60935.1437749
655,2020-08-11,2021-08-06,60935.1437749
656,2020-08-12,2021-08-09,60935.1437749
657,2020-08-13,2021-08-10,60935.1437749
658,2020-08-14,2021-08-11,60935.1437749
659,2020-08-17,2021-08-12,60935.1437749
660,2020-08-18,2021-08-13,60935.1437749
661,2020-08-19,2021-08-16,60935.1437749
662,2020-08-20,2021-08-17,60935.1437749
663,2020-08-21,2021-08-18,60935.1437749
664,2020-08-24,2021-08-19,60935.1437749
665,2020-08-25,2021-08-20,60935.1437749
666,2020-08-26,2021-08-23,60935.1437749
667,2020-08-27,2021-08-24,60935.1437749
668,2020-08-28,2021-08-25,60935.1437749
669,2020-08-31,2021-08-26,60479.9471764
670,2020-09-01,2021-08-27,60479.9471764
671,2020-09-02,2021-08-30,60479.9471764
672,2020-09-03,2021-08-31,60389.0336914
673,2020-09-04,2021-09-01,57032.0678832
674,2020-09-08,2021-09-02,57032.0678832
675,2020-09-09,2021-09-03,57030.9267052
676,2020-09-10,2021-09-07,57030.9267052
677,2020-09-11,2021-09-08,56383.0077579
678,2020-09-14,2021-09-09,56383.0077579
679,2020-09-15,2021-09-10,56383.0077579
680,2020-09-16,2021-09-13,56383.0077579
681,2020-09-17,2021-09-14,56383.0077579
682,2020-09-18,2021-09-15,56383.0077579
683,2020-09-21,2021-09-16,56383.0077579
684,2020-09-22,2021-09-17,56383.0077579
685,2020-09-23,2021-09-20,56383.0077579
686,2020-09-24,2021-09-21,56383.0077579
687,2020-09-25,2021-09-22,56383.0077579
688,2020-09-28,2021-09-23,56383.0077579
689,2020-09-29,2021-09-24,56383.0077579
690,2020-09-30,2021-09-27,56383.0077579
691,2020-10-01,2021-09-28,56383.0077579
692,2020-10-02,2021-09-29,56383.0077579
693,2020-10-05,2021-09-30,56383.0077579
694,2020-10-06,2021-10-01,56383.0077579
695,2020-10-07,2021-10-04,56383.0077579
696,2020-10-08,2021-10-05,56383.0077579
697,2020-10-09,2021-10-06,56383.0077579
698,2020-10-12,2021-10-07,56383.0077579
699,2020-10-13,2021-10-08,56383.0077579
700,2020-10-14,2021-10-11,56383.0077579
701,2020-10-15,2021-10-12,56383.0077579
702,2020-10-16,2021-10-13,53472.634425
703,2020-10-19,2021-10-14,52408.0889348
704,2020-10-20,2021-10-15,49263.6609756
705,2020-10-21,2021-10-18,49263.6609756
706,2020-10-22,2021-10-19,49263.6609756
707,2020-10-23,2021-10-20,49263.6609756
708,2020-10-26,2021-10-21,49263.6609756
709,2020-10-27,2021-10-22,49263.6609756
710,2020-10-28,2021-10-25,49263.6609756
711,2020-10-29,2021-10-26,49263.6609756
712,2020-10-30,2021-10-27,49263.6609756
713,2020-11-02,2021-10-28,49263.6609756
714,2020-11-03,2021-10-29,49263.6609756
715,2020-11-04,2021-11-01,49263.6609756
716,2020-11-05,2021-11-02,49263.6609756
717,2020-11-06,2021-11-03,49263.6609756
718,2020-11-09,2021-11-04,49263.6609756
719,2020-11-10,2021-11-05,49263.6609756
720,2020-11-11,2021-11-08,49263.6609756
721,2020-11-12,2021-11-09,49263.6609756
722,2020-11-13,2021-11-10,49263.6609756
723,2020-11-16,2021-11-11,49263.6609756
724,2020-11-17,2021-11-12,49263.6609756
725,2020-11-18,2021-11-15,49263.6609756
726,2020-11-19,2021-11-16,49263.6609756
727,2020-11-20,2021-11-17,49263.6609756
728,2020-11-23,2021-11-18,49263.6609756
729,2020-11-24,2021-11-19,49263.6609756
730,2020-11-25,2021-11-22,49263.6609756
731,2020-11-27,2021-11-23,49263.6609756
732,2020-11-30,2021-11-24,49263.6609756
733,2020-12-01,2021-11-26,49319.3725908
734,2020-12-02,2021-11-29,49371.0316254
735,2020-12-03,2021-11-30,49637.7145456
736,2020-12-04,2021-12-01,51916.3049492
737,2020-12-07,2021-12-02,51916.5074181
738,2020-12-08,2021-12-03,53681.5783834
739,2020-12-09,2021-12-06,53681.5783834
740,2020-12-10,2021-12-07,53681.5783834
741,2020-12-11,2021-12-08,53681.5783834
742,2020-12-14,2021-12-09,53681.5783834
743,2020-12-15,2021-12-10,53681.5783834
744,2020-12-16,2021-12-13,53681.5783834
745,2020-12-17,2021-12-14,53681.5783834
746,2020-12-18,2021-12-15,53681.5783834
747,2020-12-21,2021-12-16,53681.5783834
748,2020-12-22,2021-12-17,53681.5783834
749,2020-12-23,2021-12-20,53681.5783834
750,2020-12-24,2021-12-21,53681.5783834
751,2020-12-28,2021-12-22,53681.5783834
752,2020-12-29,2021-12-23,53681.5783834
753,2020-12-30,2021-12-27,53681.5783834
754,2020-12-31,2021-12-28,53681.5783834
755,2021-01-04,2021-12-29,53681.5783834
756,2021-01-05,2021-12-30,53681.5783834
757,2021-01-06,2021-12-31,53681.5783834
758,2021-01-07,2022-01-03,53681.5783834
759,2021-01-08,2022-01-04,53681.5783834
760,2021-01-11,2022-01-05,53681.5783834
761,2021-01-12,2022-01-06,53681.5783834
762,2021-01-13,2022-01-07,53681.5783834
763,2021-01-14,2022-01-10,53681.5783834
764,2021-01-15,2022-01-11,53681.5783834
765,2021-01-19,2022-01-12,53681.5783834
766,2021-01-20,2022-01-13,53681.5783834
767,2021-01-21,2022-01-14,53681.5783834
768,2021-01-22,2022-01-18,57086.4590814
769,2021-01-25,2022-01-19,61441.8741699
770,2021-01-26,2022-01-20,62489.4535699
771,2021-01-27,2022-01-21,67122.9324776
772,2021-01-28,2022-01-24,68877.3044271
773,2021-01-29,2022-01-25,72826.9032156
774,2021-02-01,2022-01-26,78595.8634826
775,2021-02-02,2022-01-27,85314.0276723
776,2021-02-03,2022-01-28,85501.3849581
777,2021-02-04,2022-01-31,85501.3849581
778,2021-02-05,2022-02-01,85501.3849581
779,2021-02-08,2022-02-02,85501.3849581
780,2021-02-09,2022-02-03,85501.3849581
781,2021-02-10,2022-02-04,85501.3849581
782,2021-02-11,2022-02-07,85501.3849581
783,2021-02-12,2022-02-08,85501.3849581
784,2021-02-16,2022-02-09,85501.3849581
785,2021-02-17,2022-02-10,85501.3849581
786,2021-02-18,2022-02-11,85501.3849581
787,2021-02-19,2022-02-14,85501.3849581
788,2021-02-22,2022-02-15,85501.3849581
789,2021-02-23,2022-02-16,85501.3849581
790,2021-02-24,2022-02-17,85501.3849581
791,2021-02-25,2022-02-18,85501.3849581
792,2021-02-26,2022-02-22,85501.3849581
793,2021-03-01,2022-02-23,85727.0495331
794,2021-03-02,2022-02-24,85727.0495331
795,2021-03-03,2022-02-25,85727.0495331
796,2021-03-04,2022-02-28,85727.0495331
797,2021-03-05,2022-03-01,85727.0495331
798,2021-03-08,2022-03-02,85727.0495331
799,2021-03-09,2022-03-03,85727.0495331
800,2021-03-10,2022-03-04,85727.0495331
801,2021-03-11,2022-03-07,85727.0495331
802,2021-03-12,2022-03-08,85727.0495331
803,2021-03-15,2022-03-09,85727.0495331
804,2021-03-16,2022-03-10,85727.0495331
805,2021-03-17,2022-03-11,85727.0495331
806,2021-03-18,2022-03-14,85727.0495331
807,2021-03-19,2022-03-15,85727.0495331
808,2021-03-22,2022-03-16,85727.0495331
809,2021-03-23,2022-03-17,85727.0495331
810,2021-03-24,2022-03-18,85727.0495331
811,2021-03-25,2022-03-21,85727.0495331
812,2021-03-26,2022-03-22,85727.0495331
813,2021-03-29,2022-03-23,85727.0495331
814,2021-03-30,2022-03-24,85727.0495331
815,2021-03-31,2022-03-25,85727.0495331
816,2021-04-01,2022-03-28,85727.0495331
817,2021-04-05,2022-03-29,85727.0495331
818,2021-04-06,2022-03-30,85727.0495331
819,2021-04-07,2022-03-31,85727.0495331
820,2021-04-08,2022-04-01,85727.0495331
821,2021-04-09,2022-04-04,85727.0495331
822,2021-04-12,2022-04-05,85727.0495331
823,2021-04-13,2022-04-06,85727.0495331
824,2021-04-14,2022-04-07,85727.0495331
825,2021-04-15,2022-04-08,85727.0495331
826,2021-04-16,2022-04-11,85727.0495331
827,2021-04-19,2022-04-12,85819.623683
828,2021-04-20,2022-04-13,85819.623683
829,2021-04-21,2022-04-14,85819.623683
830,2021-04-22,2022-04-18,85819.623683
831,2021-04-23,2022-04-19,85819.623683
832,2021-04-26,2022-04-20,85819.623683
833,2021-04-27,2022-04-21,85819.623683
834,2021-04-28,2022-04-22,85819.623683
835,2021-04-29,2022-04-25,85819.623683
836,2021-04-30,2022-04-26,85819.623683
837,2021-05-03,2022-04-27,85819.623683
838,2021-05-04,2022-04-28,85819.623683
839,2021-05-05,2022-04-29,85821.565553
840,2021-05-06,2022-05-02,85821.565553
841,2021-05-07,2022-05-03,86209.3023448
842,2021-05-10,2022-05-04,86209.3023448
843,2021-05-11,2022-05-05,86209.3023448
844,2021-05-12,2022-05-06,86209.3023448
845,2021-05-13,2022-05-09,89121.2263913
846,2021-05-14,2022-05-10,89121.2263913
847,2021-05-17,2022-05-11,89447.1721124
848,2021-05-18,2022-05-12,93153.292793
849,2021-05-19,2022-05-13,93153.292793
850,2021-05-20,2022-05-16,93153.292793
851,2021-05-21,2022-05-17,93153.292793
852,2021-05-24,2022-05-18,96341.0675343
853,2021-05-25,2022-05-19,96341.0675343
854,2021-05-26,2022-05-20,96341.0675343
855,2021-05-27,2022-05-23,96341.0675343
856,2021-05-28,2022-05-24,96341.0675343
857,2021-06-01,2022-05-25,96341.0675343
858,2021-06-02,2022-05-26,96341.0675343
859,2021-06-03,2022-05-27,96341.0675343
860,2021-06-04,2022-05-31,96341.0675343
861,2021-06-07,2022-06-01,96341.0675343
862,2021-06-08,2022-06-02,96341.0675343
863,2021-06-09,2022-06-03,96341.0675343
864,2021-06-10,2022-06-06,96341.0675343
865,2021-06-11,2022-06-07,96341.0675343
866,2021-06-14,2022-06-08,96341.0675343
867,2021-06-15,2022-06-09,96341.0675343
868,2021-06-16,2022-06-10,96341.0675343
869,2021-06-17,2022-06-13,99517.8482375
870,2021-06-18,2022-06-14,100876.314145
871,2021-06-21,2022-06-15,100876.314145
872,2021-06-22,2022-06-16,106990.736993
873,2021-06-23,2022-06-17,108975.390504
874,2021-06-24,2022-06-21,109015.807517
875,2021-06-25,2022-06-22,109915.054125
876,2021-06-28,2022-06-23,109915.054125
877,2021-06-29,2022-06-24,109915.054125
878,2021-06-30,2022-06-27,109915.054125
879,2021-07-01,2022-06-28,109915.054125
880,2021-07-02,2022-06-29,109915.054125
881,2021-07-06,2022-06-30,109915.054125
882,2021-07-07,2022-07-01,109915.054125
883,2021-07-08,2022-07-05,109915.054125
884,2021-07-09,2022-07-06,109915.054125
885,2021-07-12,2022-07-07,109915.054125
886,2021-07-13,2022-07-08,109915.054125
887,2021-07-14,2022-07-11,109915.054125
888,2021-07-15,2022-07-12,109915.054125
889,2021-07-16,2022-07-13,109915.054125
890,2021-07-19,2022-07-14,109915.054125
891,2021-07-20,2022-07-15,109915.054125
892,2021-07-21,2022-07-18,109915.054125
893,2021-07-22,2022-07-19,109915.054125
894,2021-07-23,2022-07-20,109915.054125
895,2021-07-26,2022-07-21,109915.054125
896,2021-07-27,2022-07-22,109915.054125
897,2021-07-28,2022-07-25,109915.054125
898,2021-07-29,2022-07-26,109915.054125
899,2021-07-30,2022-07-27,109915.054125
900,2021-08-02,2022-07-28,109915.054125
901,2021-08-03,2022-07-29,109915.054125
902,2021-08-04,2022-08-01,109915.054125
903,2021-08-05,2022-08-02,109915.054125
904,2021-08-06,2022-08-03,109915.054125
905,2021-08-09,2022-08-04,109915.054125
906,2021-08-10,2022-08-05,109915.054125
907,2021-08-11,2022-08-08,109915.054125
908,2021-08-12,2022-08-09,109915.054125
909,2021-08-13,2022-08-10,109915.054125
910,2021-08-16,2022-08-11,109915.054125
911,2021-08-17,2022-08-12,109915.054125
912,2021-08-18,2022-08-15,109915.054125
913,2021-08-19,2022-08-16,109915.054125
914,2021-08-20,2022-08-17,109915.054125
915,2021-08-23,2022-08-18,109915.054125
916,2021-08-24,2022-08-19,109915.054125
917,2021-08-25,2022-08-22,109915.054125
918,2021-08-26,2022-08-23,109915.054125
919,2021-08-27,2022-08-24,109915.054125
920,2021-08-30,2022-08-25,109915.054125
921,2021-08-31,2022-08-26,109915.054125
922,2021-09-01,2022-08-29,109915.054125
923,2021-09-02,2022-08-30,109915.054125
924,2021-09-03,2022-08-31,109915.054125
925,2021-09-07,2022-09-01,109915.054125
926,2021-09-08,2022-09-02,109915.054125
927,2021-09-09,2022-09-06,109915.054125
928,2021-09-10,2022-09-07,109915.054125
929,2021-09-13,2022-09-08,109915.054125
930,2021-09-14,2022-09-09,109915.054125
931,2021-09-15,2022-09-12,109915.054125
932,2021-09-16,2022-09-13,109915.054125
933,2021-09-17,2022-09-14,109915.054125
934,2021-09-20,2022-09-15,109915.054125
935,2021-09-21,2022-09-16,109915.054125
936,2021-09-22,2022-09-19,109915.054125
937,2021-09-23,2022-09-20,109915.054125
938,2021-09-24,2022-09-21,109915.054125
939,2021-09-27,2022-09-22,109915.054125
940,2021-09-28,2022-09-23,110120.307615
941,2021-09-29,2022-09-26,113270.954239
942,2021-09-30,2022-09-27,113270.954239
943,2021-10-01,2022-09-28,113270.954239
944,2021-10-04,2022-09-29,113270.954239
945,2021-10-05,2022-09-30,113270.954239
946,2021-10-06,2022-10-03,113270.954239
947,2021-10-07,2022-10-04,113270.954239
948,2021-10-08,2022-10-05,113270.954239
949,2021-10-11,2022-10-06,113270.954239
950,2021-10-12,2022-10-07,113270.954239
951,2021-10-13,2022-10-10,113270.954239
952,2021-10-14,2022-10-11,113270.954239
953,2021-10-15,2022-10-12,113270.954239
954,2021-10-18,2022-10-13,113270.954239
955,2021-10-19,2022-10-14,113270.954239
956,2021-10-20,2022-10-17,113270.954239
957,2021-10-21,2022-10-18,113270.954239
958,2021-10-22,2022-10-19,113270.954239
959,2021-10-25,2022-10-20,113270.954239
960,2021-10-26,2022-10-21,113270.954239
961,2021-10-27,2022-10-24,113270.954239
962,2021-10-28,2022-10-25,113270.954239
963,2021-10-29,2022-10-26,113270.954239
964,2021-11-01,2022-10-27,113270.954239
965,2021-11-02,2022-10-28,113270.954239
966,2021-11-03,2022-10-31,113270.954239
967,2021-11-04,2022-11-01,113270.954239
968,2021-11-05,2022-11-02,113270.954239
969,2021-11-08,2022-11-03,113270.954239
970,2021-11-09,2022-11-04,113270.954239
971,2021-11-10,2022-11-07,113270.954239
972,2021-11-11,2022-11-08,113270.954239
973,2021-11-12,2022-11-09,113270.954239
974,2021-11-15,2022-11-10,113270.954239
975,2021-11-16,2022-11-11,113270.954239
976,2021-11-17,2022-11-14,113270.954239
977,2021-11-18,2022-11-15,113264.740796
978,2021-11-19,2022-11-16,113264.740796
979,2021-11-22,2022-11-17,113264.740796
980,2021-11-23,2022-11-18,113264.740796
981,2021-11-24,2022-11-21,113264.740796
982,2021-11-26,2022-11-22,113264.740796
983,2021-11-29,2022-11-23,113264.740796
984,2021-11-30,2022-11-25,113264.740796
985,2021-12-01,2022-11-28,113264.740796
986,2021-12-02,2022-11-29,113264.740796
987,2021-12-03,2022-11-30,113264.740796
988,2021-12-06,2022-12-01,113264.740796
989,2021-12-07,2022-12-02,113264.740796
990,2021-12-08,2022-12-05,113264.740796
991,2021-12-09,2022-12-06,113264.740796
992,2021-12-10,2022-12-07,113264.740796
993,2021-12-13,2022-12-08,113264.740796
994,2021-12-14,2022-12-09,113264.740796
995,2021-12-15,2022-12-12,113264.740796
996,2021-12-16,2022-12-13,113264.740796
997,2021-12-17,2022-12-14,113264.740796
998,2021-12-20,2022-12-15,113264.740796
999,2021-12-21,2022-12-16,113264.740796
1000,2021-12-22,2022-12-19,113264.740796
1001,2021-12-23,2022-12-20,113264.740796
1002,2021-12-27,2022-12-21,113264.740796
1003,2021-12-28,2022-12-22,113264.740796
1004,2021-12-29,2022-12-23,113264.740796
1005,2021-12-30,2022-12-27,113264.740796
1006,2021-12-31,2022-12-28,113264.740796
1007,2022-01-03,2022-12-29,113264.740796
1008,2022-01-04,2022-12-30,113264.740796
1009,2022-01-05,2023-01-03,113264.740796
1010,2022-01-06,2023-01-04,113264.740796
1011,2022-01-07,2023-01-05,113264.740796
1012,2022-01-10,2023-01-06,113264.740796
1013,2022-01-11,2023-01-09,113264.740796
1014,2022-01-12,2023-01-10,113264.740796
1015,2022-01-13,2023-01-11,113264.740796
1016,2022-01-14,2023-01-12,112322.530491
1017,2022-01-18,2023-01-13,112322.530491
1018,2022-01-19,2023-01-17,112322.530491
1019,2022-01-20,2023-01-18,112322.530491
1020,2022-01-21,2023-01-19,112322.530491
1021,2022-01-24,2023-01-20,112322.530491
1022,2022-01-25,2023-01-23,112322.530491
1023,2022-01-26,2023-01-24,112322.530491
1024,2022-01-27,2023-01-25,112322.530491
1025,2022-01-28,2023-01-26,112322.530491
1026,2022-01-31,2023-01-27,112322.530491
1027,2022-02-01,2023-01-30,112322.530491
1028,2022-02-02,2023-01-31,112322.530491
1029,2022-02-03,2023-02-01,112322.530491
1030,2022-02-04,2023-02-02,112322.530491
1031,2022-02-07,2023-02-03,112322.530491
1032,2022-02-08,2023-02-06,112322.530491
1033,2022-02-09,2023-02-07,112322.530491
1034,2022-02-10,2023-02-08,112322.530491
1035,2022-02-11,2023-02-09,112322.530491
1036,2022-02-14,2023-02-10,112322.530491
1037,2022-02-15,2023-02-13,112322.530491
1038,2022-02-16,2023-02-14,112322.530491
1039,2022-02-17,2023-02-15,112322.530491
1040,2022-02-18,2023-02-16,112322.530491
1041,2022-02-22,2023-02-17,112322.530491
1042,2022-02-23,2023-02-21,112322.530491
1043,2022-02-24,2023-02-22,112322.530491
1044,2022-02-25,2023-02-23,112322.530491
1045,2022-02-28,2023-02-24,112322.530491
1046,2022-03-01,2023-02-27,112322.530491
1047,2022-03-02,2023-02-28,112322.530491
1048,2022-03-03,2023-03-01,112322.530491
1049,2022-03-04,2023-03-02,112322.530491
1050,2022-03-07,2023-03-03,112322.530491
1051,2022-03-08,2023-03-06,112322.530491
1052,2022-03-09,2023-03-07,112322.530491
1053,2022-03-10,2023-03-08,112322.530491
1054,2022-03-11,2023-03-09,112322.530491
1055,2022-03-14,2023-03-10,112322.530491
1056,2022-03-15,2023-03-13,112322.530491
1057,2022-03-16,2023-03-14,112322.530491
1058,2022-03-17,2023-03-15,112322.530491
1059,2022-03-18,2023-03-16,112322.530491
1060,2022-03-21,2023-03-17,112358.377681
1061,2022-03-22,2023-03-20,112358.377681
1062,2022-03-23,2023-03-21,112358.377681
1063,2022-03-24,2023-03-22,112358.377681
1064,2022-03-25,2023-03-23,112358.377681
1065,2022-03-28,2023-03-24,112358.377681
1066,2022-03-29,2023-03-27,112358.377681
1067,2022-03-30,2023-03-28,112358.377681
1068,2022-03-31,2023-03-29,112358.377681
1069,2022-04-01,2023-03-30,112358.377681
1070,2022-04-04,2023-03-31,112358.377681
1071,2022-04-05,2023-04-03,112358.377681
1072,2022-04-06,2023-04-04,112358.377681
1073,2022-04-07,2023-04-05,112358.377681
1074,2022-04-08,2023-04-06,112358.377681
1075,2022-04-11,2023-04-10,112358.377681
1076,2022-04-12,2023-04-11,112358.377681
1077,2022-04-13,2023-04-12,112358.377681
1078,2022-04-14,2023-04-13,112358.377681
1079,2022-04-18,2023-04-14,112358.377681
1080,2022-04-19,2023-04-17,112358.377681
1081,2022-04-20,2023-04-18,112358.377681
1082,2022-04-21,2023-04-19,112358.377681
1083,2022-04-22,2023-04-20,112358.377681
1084,2022-04-25,2023-04-21,112358.377681
1085,2022-04-26,2023-04-24,112358.377681
1086,2022-04-27,2023-04-25,112358.377681
1087,2022-04-28,2023-04-26,112358.377681
1088,2022-04-29,2023-04-27,112358.377681
1089,2022-05-02,2023-04-28,112358.377681
1090,2022-05-03,2023-05-01,112358.377681
1091,2022-05-04,2023-05-02,112358.377681
1092,2022-05-05,2023-05-03,112358.377681
1093,2022-05-06,2023-05-04,112348.895373
1094,2022-05-09,2023-05-05,112348.895373
1095,2022-05-10,2023-05-08,112348.895373
1096,2022-05-11,2023-05-09,112348.895373
1097,2022-05-12,2023-05-10,112348.895373
1098,2022-05-13,2023-05-11,112348.895373
1099,2022-05-16,2023-05-12,112348.895373
1100,2022-05-17,2023-05-15,112348.895373
1101,2022-05-18,2023-05-16,112348.895373
1102,2022-05-19,2023-05-17,112348.895373
1103,2022-05-20,2023-05-18,112348.895373
1104,2022-05-23,2023-05-19,112348.895373
1105,2022-05-24,2023-05-22,112348.895373
1106,2022-05-25,2023-05-23,112348.895373
1107,2022-05-26,2023-05-24,112348.895373
1108,2022-05-27,2023-05-25,112348.895373
1109,2022-05-31,2023-05-26,112348.895373
1110,2022-06-01,2023-05-30,111667.568579
1111,2022-06-02,2023-05-31,110595.417318
1112,2022-06-03,2023-06-01,110595.417318
1113,2022-06-06,2023-06-02,102977.215244
1114,2022-06-07,2023-06-05,98888.3249799
1115,2022-06-08,2023-06-06,97248.0167546
1116,2022-06-09,2023-06-07,93414.3606155
1117,2022-06-10,2023-06-08,92871.8770431
1118,2022-06-13,2023-06-09,92871.8770431
1119,2022-06-14,2023-06-12,92871.8770431
1120,2022-06-15,2023-06-13,92871.8770431
1121,2022-06-16,2023-06-14,92871.8770431
1122,2022-06-17,2023-06-15,92871.8770431
1123,2022-06-21,2023-06-16,92871.8770431
1124,2022-06-22,2023-06-20,92871.8770431
1125,2022-06-23,2023-06-21,92871.8770431
1126,2022-06-24,2023-06-22,92871.8770431
1127,2022-06-27,2023-06-23,92871.8770431
1128,2022-06-28,2023-06-26,92871.8770431
1129,2022-06-29,2023-06-27,92871.8770431
1130,2022-06-30,2023-06-28,92871.8770431
1131,2022-07-01,2023-06-29,92871.8770431
1132,2022-07-05,2023-06-30,92871.8770431
1133,2022-07-06,2023-07-03,92871.8770431
1134,2022-07-07,2023-07-05,92871.8770431
1135,2022-07-08,2023-07-06,92871.8770431
1136,2022-07-11,2023-07-07,92871.8770431
1137,2022-07-12,2023-07-10,92871.8770431
1138,2022-07-13,2023-07-11,92871.8770431
1139,2022-07-14,2023-07-12,92871.8770431
1140,2022-07-15,2023-07-13,92871.8770431
1141,2022-07-18,2023-07-14,92871.8770431
1142,2022-07-19,2023-07-17,92871.8770431
1143,2022-07-20,2023-07-18,92871.8770431
1144,2022-07-21,2023-07-19,92871.8770431
1145,2022-07-22,2023-07-20,92871.8770431
1146,2022-07-25,2023-07-21,92871.8770431
1147,2022-07-26,2023-07-24,92871.8770431
1148,2022-07-27,2023-07-25,92871.8770431
1149,2022-07-28,2023-07-26,92871.8770431
1150,2022-07-29,2023-07-27,92871.8770431
1151,2022-08-01,2023-07-28,92871.8770431
1152,2022-08-02,2023-07-31,92871.8770431
1153,2022-08-03,2023-08-01,92871.8770431
1154,2022-08-04,2023-08-02,92871.8770431
1155,2022-08-05,2023-08-03,92871.8770431
1156,2022-08-08,2023-08-04,92871.8770431
1157,2022-08-09,2023-08-07,92871.8770431
1158,2022-08-10,2023-08-08,92871.8770431
1159,2022-08-11,2023-08-09,92871.8770431
1160,2022-08-12,2023-08-10,92871.8770431
1161,2022-08-15,2023-08-11,92871.8770431
1162,2022-08-16,2023-08-14,92871.8770431
1163,2022-08-17,2023-08-15,92871.8770431
1164,2022-08-18,2023-08-16,91491.9331268
1165,2022-08-19,2023-08-17,90753.9081511
1166,2022-08-22,2023-08-18,88940.7664801
1167,2022-08-23,2023-08-21,87668.8643998
1168,2022-08-24,2023-08-22,87668.8643998
1169,2022-08-25,2023-08-23,87668.8643998
1170,2022-08-26,2023-08-24,87668.8643998
1171,2022-08-29,2023-08-25,87668.8643998
1172,2022-08-30,2023-08-28,87668.8643998
1173,2022-08-31,2023-08-29,87668.8643998
1174,2022-09-01,2023-08-30,87668.8643998
1175,2022-09-02,2023-08-31,87668.8643998
1176,2022-09-06,2023-09-01,87668.8643998
1177,2022-09-07,2023-09-05,87668.8643998
1178,2022-09-08,2023-09-06,87668.8643998
1179,2022-09-09,2023-09-07,87668.8643998
1180,2022-09-12,2023-09-08,87652.6407623
1181,2022-09-13,2023-09-11,81239.6766944
1182,2022-09-14,2023-09-12,71281.3015982
1183,2022-09-15,2023-09-13,68562.5108654
1184,2022-09-16,2023-09-14,67723.4780491
1185,2022-09-19,2023-09-15,64845.045932
1186,2022-09-20,2023-09-18,61187.3362988
1187,2022-09-21,2023-09-19,59209.7683698
1188,2022-09-22,2023-09-20,59209.7683698
1189,2022-09-23,2023-09-21,59209.7683698
1190,2022-09-26,2023-09-22,59209.7683698
1191,2022-09-27,2023-09-25,59209.7683698
1192,2022-09-28,2023-09-26,59295.4126421
1193,2022-09-29,2023-09-27,59295.4126421
1194,2022-09-30,2023-09-28,59295.4126421
1195,2022-10-03,2023-09-29,59295.4126421
1196,2022-10-04,2023-10-02,59295.4126421
1197,2022-10-05,2023-10-03,59415.3119041
1198,2022-10-06,2023-10-04,59415.3119041
1199,2022-10-07,2023-10-05,59415.3119041
1200,2022-10-10,2023-10-06,59415.3119041
1201,2022-10-11,2023-10-09,59415.3119041
1202,2022-10-12,2023-10-10,59415.3119041
1203,2022-10-13,2023-10-11,59415.3119041
1204,2022-10-14,2023-10-12,59415.3119041
1205,2022-10-17,2023-10-13,59415.3119041
1206,2022-10-18,2023-10-16,59415.3119041
1207,2022-10-19,2023-10-17,59415.3119041
1208,2022-10-20,2023-10-18,59415.3119041
1209,2022-10-21,2023-10-19,59415.3119041
1210,2022-10-24,2023-10-20,59415.3119041
1211,2022-10-25,2023-10-23,59415.3119041
1212,2022-10-26,2023-10-24,59415.3119041
1213,2022-10-27,2023-10-25,60552.522165
1214,2022-10-28,2023-10-26,61201.2511375
1215,2022-10-31,2023-10-27,61201.2511375
1216,2022-11-01,2023-10-30,61318.3448917
1217,2022-11-02,2023-10-31,61318.3448917
1218,2022-11-03,2023-11-01,61318.3448917
1219,2022-11-04,2023-11-02,61318.3448917
1220,2022-11-07,2023-11-03,61318.3448917
1221,2022-11-08,2023-11-06,61318.3448917
1222,2022-11-09,2023-11-07,61318.3448917
1223,2022-11-10,2023-11-08,61318.3448917
1224,2022-11-11,2023-11-09,61318.3448917
1225,2022-11-14,2023-11-10,61318.3448917
1226,2022-11-15,2023-11-13,61318.3448917
1227,2022-11-16,2023-11-14,61318.3448917
1228,2022-11-17,2023-11-15,61318.3448917
1229,2022-11-18,2023-11-16,61318.3448917
1230,2022-11-21,2023-11-17,61318.3448917
1231,2022-11-22,2023-11-20,61318.3448917
1232,2022-11-23,2023-11-21,61318.3448917
1233,2022-11-25,2023-11-22,61318.3448917
1234,2022-11-28,2023-11-24,61318.3448917
1235,2022-11-29,2023-11-27,61318.3448917
1236,2022-11-30,2023-11-28,61318.3448917
1237,2022-12-01,2023-11-29,61318.3448917
1238,2022-12-02,2023-11-30,61318.3448917
1239,2022-12-05,2023-12-01,61317.625983
1240,2022-12-06,2023-12-04,59870.5148948
1241,2022-12-07,2023-12-05,59499.1793125
1242,2022-12-08,2023-12-06,59499.1793125
1243,2022-12-09,2023-12-07,59499.1793125
1244,2022-12-12,2023-12-08,59499.1793125
1245,2022-12-13,2023-12-11,59499.1793125
1246,2022-12-14,2023-12-12,58938.5134771
1247,2022-12-15,2023-12-13,54963.6983859
1248,2022-12-16,2023-12-14,54963.6983859
1249,2022-12-19,2023-12-15,54963.6983859
1250,2022-12-20,2023-12-18,54963.6983859
1251,2022-12-21,2023-12-19,54963.6983859
1252,2022-12-22,2023-12-20,54963.6983859
1253,2022-12-23,2023-12-21,54963.6983859
1254,2022-12-27,2023-12-22,54963.6983859
1255,2022-12-28,2023-12-26,54963.6983859
1256,2022-12-29,2023-12-27,54963.6983859
1257,2022-12-30,2023-12-28,54963.6983859
1258,2023-01-03,2023-12-29,54963.6983859
1259,2023-01-04,2024-01-02,54963.6983859
1260,2023-01-05,2024-01-03,54963.6983859
1261,2023-01-06,2024-01-04,54963.6983859
1262,2023-01-09,2024-01-05,54963.6983859
1263,2023-01-10,2024-01-08,54963.6983859
1264,2023-01-11,2024-01-09,54963.6983859
1265,2023-01-12,2024-01-10,54963.6983859
1266,2023-01-13,2024-01-11,54963.6983859
1267,2023-01-17,2024-01-12,54963.6983859
1268,2023-01-18,2024-01-16,54963.6983859
1269,2023-01-19,2024-01-17,54963.6983859
1270,2023-01-20,2024-01-18,54963.6983859
1271,2023-01-23,2024-01-19,54963.6983859
1272,2023-01-24,2024-01-22,54963.6983859
1273,2023-01-25,2024-01-23,54963.6983859
1274,2023-01-26,2024-01-24,54963.6983859
1275,2023-01-27,2024-01-25,54963.6983859
1276,2023-01-30,2024-01-26,54963.6983859
1277,2023-01-31,2024-01-29,54963.6983859
1278,2023-02-01,2024-01-30,54963.6983859
1279,2023-02-02,2024-01-31,54963.6983859
1280,2023-02-03,2024-02-01,54963.6983859
1281,2023-02-06,2024-02-02,54963.6983859
1282,2023-02-07,2024-02-05,54963.6983859
1283,2023-02-08,2024-02-06,54963.6983859
1284,2023-02-09,2024-02-07,54963.6983859
1285,2023-02-10,2024-02-08,54963.6983859
1286,2023-02-13,2024-02-09,54963.6983859
1287,2023-02-14,2024-02-12,54963.6983859
1288,2023-02-15,2024-02-13,54963.6983859
1289,2023-02-16,2024-02-14,54963.6983859
1290,2023-02-17,2024-02-15,54963.6983859
1291,2023-02-21,2024-02-16,54963.6983859
1292,2023-02-22,2024-02-20,54963.6983859
1293,2023-02-23,2024-02-21,54963.6983859
1294,2023-02-24,2024-02-22,54963.6983859
1295,2023-02-27,2024-02-23,54963.6983859
1296,2023-02-28,2024-02-26,54963.6983859
1297,2023-03-01,2024-02-27,54793.5145421
1298,2023-03-02,2024-02-28,54792.6244159
1299,2023-03-03,2024-02-29,54508.7399584
1300,2023-03-06,2024-03-01,54360.4599628
1301,2023-03-07,2024-03-04,53694.9795076
1302,2023-03-08,2024-03-05,53381.9761205
1303,2023-03-09,2024-03-06,53381.9761205
1304,2023-03-10,2024-03-07,53082.3416555
1305,2023-03-13,2024-03-08,53035.5695889
1306,2023-03-14,2024-03-11,53035.5695889
1307,2023-03-15,2024-03-12,53035.5695889
1308,2023-03-16,2024-03-13,53035.5695889
1309,2023-03-17,2024-03-14,53035.5695889
1310,2023-03-20,2024-03-15,53035.5695889
1311,2023-03-21,2024-03-18,53035.5695889
1312,2023-03-22,2024-03-19,53035.5695889
1313,2023-03-23,2024-03-20,53035.5695889
1314,2023-03-24,2024-03-21,53035.5695889
1315,2023-03-27,2024-03-22,53035.5695889
1316,2023-03-28,2024-03-25,53035.5695889
1317,2023-03-29,2024-03-26,53035.5695889
1318,2023-03-30,2024-03-27,53035.5695889
1319,2023-03-31,2024-03-28,53035.5695889
1320,2023-04-03,2024-04-01,53035.5695889
1321,2023-04-04,2024-04-02,53035.5695889
1322,2023-04-05,2024-04-03,53035.5695889
1323,2023-04-06,2024-04-04,53035.5695889
1324,2023-04-10,2024-04-05,53035.5695889
1325,2023-04-11,2024-04-08,53035.5695889
1326,2023-04-12,2024-04-09,53035.5695889
1327,2023-04-13,2024-04-10,53035.5695889
1328,2023-04-14,2024-04-11,53035.5695889
1329,2023-04-17,2024-04-12,53049.6257308
1330,2023-04-18,2024-04-15,53109.5072539
1331,2023-04-19,2024-04-16,53109.5072539
1332,2023-04-20,2024-04-17,53192.9712568
1333,2023-04-21,2024-04-18,53192.9712568
1334,2023-04-24,2024-04-19,54099.3252889
1335,2023-04-25,2024-04-22,54099.3252889
1336,2023-04-26,2024-04-23,54099.3252889
1337,2023-04-27,2024-04-24,54099.3252889
1338,2023-04-28,2024-04-25,54099.3252889
1339,2023-05-01,2024-04-26,54099.3252889
1340,2023-05-02,2024-04-29,54099.3252889
1341,2023-05-03,2024-04-30,54099.3252889
1342,2023-05-04,2024-05-01,54099.3252889
1343,2023-05-05,2024-05-02,54099.3252889
1344,2023-05-08,2024-05-03,54099.3252889
1345,2023-05-09,2024-05-06,54099.3252889
1346,2023-05-10,2024-05-07,54099.3252889
1347,2023-05-11,2024-05-08,54099.3252889
1348,2023-05-12,2024-05-09,54099.3252889
1349,2023-05-15,2024-05-10,54099.3252889
1350,2023-05-16,2024-05-13,54099.3252889
1351,2023-05-17,2024-05-14,54099.3252889
1352,2023-05-18,2024-05-15,54099.3252889
1353,2023-05-19,2024-05-16,54099.3252889
1354,2023-05-22,2024-05-17,54099.3252889
1355,2023-05-23,2024-05-20,54099.3252889
1356,2023-05-24,2024-05-21,54099.3252889
1357,2023-05-25,2024-05-22,54099.3252889
1358,2023-05-26,2024-05-23,54099.3252889
1359,2023-05-30,2024-05-24,54099.3252889
1360,2023-05-31,2024-05-28,54099.3252889
1361,2023-06-01,2024-05-29,54099.3252889
1362,2023-06-02,2024-05-30,54099.3252889
1363,2023-06-05,2024-05-31,54099.3252889
1364,2023-06-06,2024-06-03,54099.3252889
1365,2023-06-07,2024-06-04,54099.3252889
1366,2023-06-08,2024-06-05,54099.3252889
1367,2023-06-09,2024-06-06,54099.3252889
1368,2023-06-12,2024-06-07,54099.3252889
1369,2023-06-13,2024-06-10,54099.3252889
1370,2023-06-14,2024-06-11,54099.3252889
1371,2023-06-15,2024-06-12,54099.3252889
1372,2023-06-16,2024-06-13,54099.3252889
1373,2023-06-20,2024-06-14,54099.3252889
1374,2023-06-21,2024-06-17,54099.3252889
1375,2023-06-22,2024-06-18,54099.3252889
1376,2023-06-23,2024-06-20,54099.3252889
1377,2023-06-26,2024-06-21,54099.3252889
1378,2023-06-27,2024-06-24,54099.3252889
1379,2023-06-28,2024-06-25,54099.3252889
1380,2023-06-29,2024-06-26,54099.3252889
1381,2023-06-30,2024-06-27,54099.3252889
1382,2023-07-03,2024-06-28,54099.3252889
1383,2023-07-05,2024-07-01,54099.3252889
1384,2023-07-06,2024-07-02,54099.3252889
1385,2023-07-07,2024-07-03,54099.3252889
1386,2023-07-10,2024-07-05,54099.3252889
1387,2023-07-11,2024-07-08,54099.3252889
1388,2023-07-12,2024-07-09,54099.3252889
1389,2023-07-13,2024-07-10,54099.3252889
1390,2023-07-14,2024-07-11,54099.3252889
1391,2023-07-17,2024-07-12,54099.3252889
1392,2023-07-18,2024-07-15,54099.3252889
1393,2023-07-19,2024-07-16,54099.3252889
1394,2023-07-20,2024-07-17,54099.3252889
1395,2023-07-21,2024-07-18,54099.3252889
1396,2023-07-24,2024-07-19,54099.3252889
1397,2023-07-25,2024-07-22,54099.3252889
1398,2023-07-26,2024-07-23,54099.3252889
1399,2023-07-27,2024-07-24,54099.3252889
1400,2023-07-28,2024-07-25,54099.3252889
1401,2023-07-31,2024-07-26,54099.3252889
1402,2023-08-01,2024-07-29,54099.3252889
1403,2023-08-02,2024-07-30,54099.3252889
1404,2023-08-03,2024-07-31,54099.3252889
1405,2023-08-04,2024-08-01,54099.3252889
1406,2023-08-07,2024-08-02,54090.5201681
1407,2023-08-08,2024-08-05,59786.657448
1408,2023-08-09,2024-08-06,63744.1410783
1409,2023-08-10,2024-08-07,64585.1817918
1410,2023-08-11,2024-08-08,64606.2583996
1411,2023-08-14,2024-08-09,64807.7120285
1412,2023-08-15,2024-08-12,64988.1143423
1413,2023-08-16,2024-08-13,64989.1152242
1414,2023-08-17,2024-08-14,65097.7340744
1415,2023-08-18,2024-08-15,65097.7340744
1416,2023-08-21,2024-08-16,65097.7340744
1417,2023-08-22,2024-08-19,65097.7340744
1418,2023-08-23,2024-08-20,65097.7340744
1419,2023-08-24,2024-08-21,65097.7340744
1420,2023-08-25,2024-08-22,65097.7340744
1421,2023-08-28,2024-08-23,65097.7340744
1422,2023-08-29,2024-08-26,65097.7340744
1423,2023-08-30,2024-08-27,65097.7340744
1424,2023-08-31,2024-08-28,65097.7340744
1425,2023-09-01,2024-08-29,65097.7340744
1426,2023-09-05,2024-08-30,65097.7340744
1427,2023-09-06,2024-09-03,65097.7340744
1428,2023-09-07,2024-09-04,65097.7340744
1429,2023-09-08,2024-09-05,65097.7340744
1430,2023-09-11,2024-09-06,65097.7340744
1431,2023-09-12,2024-09-09,65097.7340744
1432,2023-09-13,2024-09-10,65097.7340744
1433,2023-09-14,2024-09-11,65097.7340744
1434,2023-09-15,2024-09-12,65097.7340744
1435,2023-09-18,2024-09-13,65097.7340744
1436,2023-09-19,2024-09-16,65097.7340744
1437,2023-09-20,2024-09-17,65097.7340744
1438,2023-09-21,2024-09-18,65097.7340744
1439,2023-09-22,2024-09-19,65097.7340744
1440,2023-09-25,2024-09-20,65097.7340744
1441,2023-09-26,2024-09-23,65097.7340744
1442,2023-09-27,2024-09-24,65097.7340744
1443,2023-09-28,2024-09-25,65097.7340744
1444,2023-09-29,2024-09-26,65097.7340744
1445,2023-10-02,2024-09-27,65097.7340744
1446,2023-10-03,2024-09-30,65097.7340744
1447,2023-10-04,2024-10-01,65097.7340744
1448,2023-10-05,2024-10-02,65097.7340744
1449,2023-10-06,2024-10-03,65097.7340744
1450,2023-10-09,2024-10-04,65097.7340744
1451,2023-10-10,2024-10-07,65097.7340744
1452,2023-10-11,2024-10-08,65097.7340744
1453,2023-10-12,2024-10-09,65097.7340744
1454,2023-10-13,2024-10-10,64824.3920863
1455,2023-10-16,2024-10-11,64013.443996
1456,2023-10-17,2024-10-14,63604.0925617
1457,2023-10-18,2024-10-15,62586.9427859
1458,2023-10-19,2024-10-16,62065.14657
1459,2023-10-20,2024-10-17,62065.14657
1460,2023-10-23,2024-10-18,62065.14657
1461,2023-10-24,2024-10-21,62065.14657
1462,2023-10-25,2024-10-22,62065.14657
1463,2023-10-26,2024-10-23,62065.14657
1464,2023-10-27,2024-10-24,62065.14657
1465,2023-10-30,2024-10-25,62065.14657
1466,2023-10-31,2024-10-28,62065.14657
1467,2023-11-01,2024-10-29,62065.14657
1468,2023-11-02,2024-10-30,62065.14657
1469,2023-11-03,2024-10-31,62065.14657
1470,2023-11-06,2024-11-01,62065.14657
1471,2023-11-07,2024-11-04,62065.14657
1472,2023-11-08,2024-11-05,62065.14657
1473,2023-11-09,2024-11-06,62065.14657
1474,2023-11-10,2024-11-07,62065.14657
1475,2023-11-13,2024-11-08,62065.14657
1476,2023-11-14,2024-11-11,62065.14657
1477,2023-11-15,2024-11-12,62065.14657
1478,2023-11-16,2024-11-13,62065.14657
1479,2023-11-17,2024-11-14,62065.14657
1480,2023-11-20,2024-11-15,62065.14657
1481,2023-11-21,2024-11-18,62065.14657
1482,2023-11-22,2024-11-19,62065.14657
1483,2023-11-24,2024-11-20,62065.14657
1484,2023-11-27,2024-11-21,62065.14657
1485,2023-11-28,2024-11-22,62065.14657
1486,2023-11-29,2024-11-25,62065.14657
1487,2023-11-30,2024-11-26,62065.14657
1488,2023-12-01,2024-11-27,62065.14657
1489,2023-12-04,2024-11-29,62065.14657
1490,2023-12-05,2024-12-02,62065.14657
1491,2023-12-06,2024-12-03,62065.14657
1492,2023-12-07,2024-12-04,62065.14657
1493,2023-12-08,2024-12-05,62065.14657
1494,2023-12-11,2024-12-06,62065.14657
1495,2023-12-12,2024-12-09,62065.14657
1496,2023-12-13,2024-12-10,62065.14657
1497,2023-12-14,2024-12-11,62065.14657
1498,2023-12-15,2024-12-12,62065.14657
1499,2023-12-18,2024-12-13,62065.14657
1500,2023-12-19,2024-12-16,62065.14657
1501,2023-12-20,2024-12-17,62065.14657
1502,2023-12-21,2024-12-18,62168.5532311
1503,2023-12-22,2024-12-19,62168.8648085
1504,2023-12-26,2024-12-20,62168.8648085
1505,2023-12-27,2024-12-23,62168.8648085
1506,2023-12-28,2024-12-24,62168.8648085
1507,2023-12-29,2024-12-26,62168.8648085
1508,2024-01-02,2024-12-27,62168.8648085
1509,2024-01-03,2024-12-30,62168.8648085
1510,2024-01-04,2024-12-31,62168.8648085
1511,2024-01-05,2025-01-02,62168.8648085
1512,2024-01-08,2025-01-03,62168.8648085
1513,2024-01-09,2025-01-06,62168.8648085
1514,2024-01-10,2025-01-07,62168.8648085
1515,2024-01-11,2025-01-08,62168.8648085
1516,2024-01-12,2025-01-10,62168.8648085
1517,2024-01-16,2025-01-13,62168.8648085
1518,2024-01-17,2025-01-14,62168.8648085
1519,2024-01-18,2025-01-15,62168.8648085
1520,2024-01-19,2025-01-16,62168.8648085
1521,2024-01-22,2025-01-17,62168.8648085
1522,2024-01-23,2025-01-21,62168.8648085
1523,2024-01-24,2025-01-22,62168.8648085
1524,2024-01-25,2025-01-23,62168.8648085
1525,2024-01-26,2025-01-24,62168.8648085
1526,2024-01-29,2025-01-27,62168.8648085
1527,2024-01-30,2025-01-28,62168.8648085
1528,2024-01-31,2025-01-29,62168.8648085
1529,2024-02-01,2025-01-30,62168.8648085
1530,2024-02-02,2025-01-31,62168.8648085
1531,2024-02-05,2025-02-03,62168.8648085
1532,2024-02-06,2025-02-04,62168.8648085
1533,2024-02-07,2025-02-05,62168.8648085
1534,2024-02-08,2025-02-06,62168.8648085
1535,2024-02-09,2025-02-07,62168.8648085
1536,2024-02-12,2025-02-10,62168.8648085
1537,2024-02-13,2025-02-11,62168.8648085
1538,2024-02-14,2025-02-12,62168.8648085
1539,2024-02-15,2025-02-13,62168.8648085
1540,2024-02-16,2025-02-14,62168.8648085
1541,2024-02-20,2025-02-18,62168.8648085
1542,2024-02-21,2025-02-19,62168.8648085
1543,2024-02-22,2025-02-20,62168.8648085
1544,2024-02-23,2025-02-21,62168.8648085
1545,2024-02-26,2025-02-24,62168.8648085
1546,2024-02-27,2025-02-25,62168.8648085
1547,2024-02-28,2025-02-26,62168.8648085
1548,2024-02-29,2025-02-27,62168.8648085
1549,2024-03-01,2025-02-28,62168.8648085
1550,2024-03-04,2025-03-03,65061.6881268
1551,2024-03-05,2025-03-04,69707.7543173
1552,2024-03-06,2025-03-05,71561.7470206
1553,2024-03-07,2025-03-06,75031.3750033
1554,2024-03-08,2025-03-07,75031.3750033
1555,2024-03-11,2025-03-10,76873.5399488
1556,2024-03-12,2025-03-11,78091.7960487
1557,2024-03-13,2025-03-12,78103.1707182
1558,2024-03-14,2025-03-13,78103.1707182
1559,2024-03-15,2025-03-14,78103.1707182
1560,2024-03-18,2025-03-17,78103.1707182
1561,2024-03-19,2025-03-18,78103.1707182
1562,2024-03-20,2025-03-19,78103.1707182
1563,2024-03-21,2025-03-20,78103.1707182
1564,2024-03-22,2025-03-21,78103.1707182
1565,2024-03-25,2025-03-24,78103.1707182
1566,2024-03-26,2025-03-25,78103.1707182
1567,2024-03-27,2025-03-26,78103.1707182
1568,2024-03-28,2025-03-27,78103.1707182
1569,2024-04-01,2025-03-28,78103.1707182
1570,2024-04-02,2025-03-31,78103.1707182
1571,2024-04-03,2025-04-01,78103.1707182
1572,2024-04-04,2025-04-02,78103.1707182
1573,2024-04-05,2025-04-03,78103.1707182
1574,2024-04-08,2025-04-04,84869.4584495
1575,2024-04-09,2025-04-07,94847.221338
1576,2024-04-10,2025-04-08,107760.888898
1577,2024-04-11,2025-04-09,107760.888898
1578,2024-04-12,2025-04-10,109617.695975
1579,2024-04-15,2025-04-11,109617.695975
1580,2024-04-16,2025-04-14,109617.695975
1581,2024-04-17,2025-04-15,109617.695975
1582,2024-04-18,2025-04-16,109647.615913
1583,2024-04-19,2025-04-17,109647.615913
1584,2024-04-22,2025-04-21,109647.615913
1585,2024-04-23,2025-04-22,109647.615913
1586,2024-04-24,2025-04-23,109647.615913
1587,2024-04-25,2025-04-24,109647.615913
1588,2024-04-26,2025-04-25,109647.615913
1589,2024-04-29,2025-04-28,109647.615913
1590,2024-04-30,2025-04-29,109647.615913
1591,2024-05-01,2025-04-30,109647.615913
1592,2024-05-02,2025-05-01,109647.615913
1593,2024-05-03,2025-05-02,109647.615913
1594,2024-05-06,2025-05-05,109647.615913
1595,2024-05-07,2025-05-06,109647.615913
1596,2024-05-08,2025-05-07,109647.615913
1597,2024-05-09,2025-05-08,109647.615913
1598,2024-05-10,2025-05-09,109647.615913
1599,2024-05-13,2025-05-12,109647.615913
1600,2024-05-14,2025-05-13,109647.615913
1601,2024-05-15,2025-05-14,109647.615913
1602,2024-05-16,2025-05-15,109647.615913
1603,2024-05-17,2025-05-16,109647.615913
1604,2024-05-20,2025-05-19,109647.615913
1605,2024-05-21,2025-05-20,109647.615913
1606,2024-05-22,2025-05-21,109647.615913
1607,2024-05-23,2025-05-22,109647.615913
1608,2024-05-24,2025-05-23,109647.615913
1609,2024-05-28,2025-05-27,109647.615913
1610,2024-05-29,2025-05-28,109647.615913
1611,2024-05-30,2025-05-29,109647.615913
1612,2024-05-31,2025-05-30,109647.615913
1613,2024-06-03,2025-06-02,109647.615913
1614,2024-06-04,2025-06-03,109647.615913
1615,2024-06-05,2025-06-04,109647.615913
1616,2024-06-06,2025-06-05,109647.615913
1617,2024-06-07,2025-06-06,109647.615913
1618,2024-06-10,2025-06-09,109647.615913
1619,2024-06-11,2025-06-10,109647.615913
1620,2024-06-12,2025-06-11,109647.615913
1621,2024-06-13,2025-06-12,109647.615913
1622,2024-06-14,2025-06-13,109647.615913
1623,2024-06-17,2025-06-16,109647.615913
1624,2024-06-18,2025-06-17,109647.615913
1625,2024-06-20,2025-06-18,109647.615913
1626,2024-06-21,2025-06-20,109647.615913
1627,2024-06-24,2025-06-23,109647.615913
1628,2024-06-25,2025-06-24,109647.615913
1629,2024-06-26,2025-06-25,109647.615913
1630,2024-06-27,2025-06-26,109647.615913
1631,2024-06-28,2025-06-27,109647.615913
1632,2024-07-01,2025-06-30,109647.615913
1633,2024-07-02,2025-07-01,109647.615913
1634,2024-07-03,2025-07-02,109647.615913
1635,2024-07-05,2025-07-03,109647.615913
1636,2024-07-08,2025-07-07,109647.615913
1637,2024-07-09,2025-07-08,109647.615913
1638,2024-07-10,2025-07-09,109647.615913
1639,2024-07-11,2025-07-10,109647.615913
1640,2024-07-12,2025-07-11,109647.615913
1641,2024-07-15,2025-07-14,109647.615913
1642,2024-07-16,2025-07-15,109647.615913
1643,2024-07-17,2025-07-16,109647.615913
1644,2024-07-18,2025-07-17,109647.615913
1645,2024-07-19,2025-07-18,109647.615913
1646,2024-07-22,2025-07-21,109647.615913
1647,2024-07-23,2025-07-22,109647.615913
1648,2024-07-24,2025-07-23,108474.155066
1649,2024-07-25,2025-07-24,108474.155066
1650,2024-07-26,2025-07-25,108474.155066
1651,2024-07-29,2025-07-28,108474.155066
1652,2024-07-30,2025-07-29,108474.155066
1653,2024-07-31,2025-07-30,108474.155066
1654,2024-08-01,2025-07-31,108474.155066
1655,2024-08-02,2025-08-01,108474.155066
1656,2024-08-05,2025-08-04,108474.155066
1657,2024-08-06,2025-08-05,108474.155066
1658,2024-08-07,2025-08-06,108474.155066
1659,2024-08-08,2025-08-07,108474.155066
1660,2024-08-09,2025-08-08,108474.155066
1661,2024-08-12,2025-08-11,108474.155066
1662,2024-08-13,2025-08-12,108474.155066
1663,2024-08-14,2025-08-13,108474.155066
1664,2024-08-15,2025-08-14,108474.155066
1665,2024-08-16,2025-08-15,108474.155066
1666,2024-08-19,2025-08-18,108474.155066
1667,2024-08-20,2025-08-19,108474.155066
1668,2024-08-21,2025-08-20,108474.155066
1669,2024-08-22,2025-08-21,108474.155066
1670,2024-08-23,2025-08-22,108474.155066
1671,2024-08-26,2025-08-25,108474.155066
1672,2024-08-27,2025-08-26,108474.155066
1673,2024-08-28,2025-08-27,108474.155066
1674,2024-08-29,2025-08-28,108474.155066
1675,2024-08-30,2025-08-29,108474.155066
1676,2024-09-03,2025-09-02,108474.155066
1677,2024-09-04,2025-09-03,108474.155066
1678,2024-09-05,2025-09-04,108474.155066
1679,2024-09-06,2025-09-05,108474.155066
1680,2024-09-09,2025-09-08,108474.155066
1681,2024-09-10,2025-09-09,108474.155066
1682,2024-09-11,2025-09-10,108474.155066
1683,2024-09-12,2025-09-11,108474.155066
1684,2024-09-13,2025-09-12,108474.155066
1685,2024-09-16,2025-09-15,108474.155066
1686,2024-09-17,2025-09-16,108474.155066
1687,2024-09-18,2025-09-17,108474.155066
1688,2024-09-19,2025-09-18,108474.155066
1689,2024-09-20,2025-09-19,108474.155066
1690,2024-09-23,2025-09-22,108474.155066
1691,2024-09-24,2025-09-23,108474.155066
1692,2024-09-25,2025-09-24,108474.155066
1693,2024-09-26,2025-09-25,108474.155066
1694,2024-09-27,2025-09-26,108474.155066
1695,2024-09-30,2025-09-29,108474.155066
1696,2024-10-01,2025-09-30,108474.155066
1697,2024-10-02,2025-10-01,108474.155066
1698,2024-10-03,2025-10-02,108474.155066
1699,2024-10-04,2025-10-03,108474.155066
1700,2024-10-07,2025-10-06,108474.155066
1701,2024-10-08,2025-10-07,108474.155066
1702,2024-10-09,2025-10-08,108474.155066
1703,2024-10-10,2025-10-09,108474.155066
1704,2024-10-11,2025-10-10,108474.155066
1705,2024-10-14,2025-10-13,108474.155066
1706,2024-10-15,2025-10-14,108474.155066
1707,2024-10-16,2025-10-15,108474.155066
1708,2024-10-17,2025-10-16,108474.155066
1709,2024-10-18,2025-10-17,108474.155066
1710,2024-10-21,2025-10-20,108474.155066
1711,2024-10-22,2025-10-21,108474.155066
1712,2024-10-23,2025-10-22,108474.155066
1713,2024-10-24,2025-10-23,108474.155066
1714,2024-10-25,2025-10-24,108474.155066
1715,2024-10-28,2025-10-27,108474.155066
1716,2024-10-29,2025-10-28,108474.155066
1717,2024-10-30,2025-10-29,108474.155066
1718,2024-10-31,2025-10-30,108474.155066
1719,2024-11-01,2025-10-31,108474.155066
1720,2024-11-04,2025-11-03,108474.155066
1721,2024-11-05,2025-11-04,108474.155066
1722,2024-11-06,2025-11-05,108474.155066
1723,2024-11-07,2025-11-06,108474.155066
1724,2024-11-08,2025-11-07,108474.155066
1725,2024-11-11,2025-11-10,108474.155066
1726,2024-11-12,2025-11-11,108474.155066
1727,2024-11-13,2025-11-12,108474.155066
1728,2024-11-14,2025-11-13,108474.155066
1729,2024-11-15,2025-11-14,108474.155066
1730,2024-11-18,2025-11-17,108474.155066
1731,2024-11-19,2025-11-18,108474.155066
1732,2024-11-20,2025-11-19,108474.155066
1733,2024-11-21,2025-11-20,108474.155066
1734,2024-11-22,2025-11-21,108474.155066
1735,2024-11-25,2025-11-24,108474.155066
1736,2024-11-26,2025-11-25,108474.155066
1737,2024-11-27,2025-11-26,108474.155066
1738,2024-11-29,2025-11-28,108474.155066
1739,2024-12-02,2025-12-01,108474.155066
1740,2024-12-03,2025-12-02,108474.155066
1741,2024-12-04,2025-12-03,108474.155066
1742,2024-12-05,2025-12-04,108474.155066
1743,2024-12-06,2025-12-05,108474.155066
1744,2024-12-09,2025-12-08,108474.155066
1745,2024-12-10,2025-12-09,108474.155066
1746,2024-12-11,2025-12-10,108474.155066
1747,2024-12-12,2025-12-11,108474.155066
1748,2024-12-13,2025-12-12,108474.155066
1749,2024-12-16,2025-12-15,108474.155066
1750,2024-12-17,2025-12-16,108474.155066
1751,2024-12-18,2025-12-17,108474.155066
1752,2024-12-19,2025-12-18,108474.155066
1753,2024-12-20,2025-12-19,108474.155066
1754,2024-12-23,2025-12-22,108474.155066
1755,2024-12-24,2025-12-23,108474.155066
1756,2024-12-26,2025-12-24,108474.155066
1757,2024-12-27,2025-12-26,108474.155066
1758,2024-12-30,2025-12-29,108474.155066
1759,2024-12-31,2025-12-30,108474.155066
1760,2025-01-02,2025-12-31,108474.155066
1761,2025-01-03,2026-01-02,108474.155066
1762,2025-01-06,2026-01-05,108474.155066
1763,2025-01-07,2026-01-06,108474.155066
1764,2025-01-08,2026-01-07,108474.155066
1765,2025-01-10,2026-01-08,108474.155066
1766,2025-01-13,2026-01-09,108474.155066
1767,2025-01-14,2026-01-12,108474.155066
1768,2025-01-15,2026-01-13,108474.155066
1769,2025-01-16,2026-01-14,108474.155066
1770,2025-01-17,2026-01-15,108474.155066
1771,2025-01-21,2026-01-16,108474.155066
1772,2025-01-22,2026-01-20,108474.155066
1773,2025-01-23,2026-01-21,108474.155066
1774,2025-01-24,2026-01-22,108474.155066
1775,2025-01-27,2026-01-23,108474.155066
1776,2025-01-28,2026-01-26,108474.155066
1777,2025-01-29,2026-01-27,108474.155066
1778,2025-01-30,2026-01-28,108474.155066
1779,2025-01-31,2026-01-29,108474.155066
1780,2025-02-03,2026-01-30,108474.155066
1781,2025-02-04,2026-02-02,108474.155066
1782,2025-02-05,2026-02-03,108474.155066
1783,2025-02-06,2026-02-04,108474.155066
1784,2025-02-07,2026-02-05,108474.155066
1785,2025-02-10,2026-02-06,108474.155066
1786,2025-02-11,2026-02-09,108474.155066
1787,2025-02-12,2026-02-10,108474.155066
1788,2025-02-13,2026-02-11,108474.155066
1789,2025-02-14,2026-02-12,108474.155066
1790,2025-02-18,2026-02-13,108474.155066
1791,2025-02-19,2026-02-17,108474.155066
1792,2025-02-20,2026-02-18,108392.315066
1793,2025-02-21,2026-02-19,108392.315066
1794,2025-02-24,2026-02-20,107548.140493
1795,2025-02-25,2026-02-23,107548.140493
1796,2025-02-26,2026-02-24,107066.787928
1797,2025-02-27,2026-02-25,106289.429051
1798,2025-02-28,2026-02-26,105579.639625
1799,2025-03-03,2026-02-27,104965.482198
1800,2025-03-04,2026-03-02,104934.449247
1801,2025-03-05,2026-03-03,104934.449247
1802,2025-03-06,2026-03-04,104934.449247
1803,2025-03-07,2026-03-05,104934.449247
1804,2025-03-10,2026-03-06,104934.449247
1805,2025-03-11,2026-03-09,104934.449247
1806,2025-03-12,2026-03-10,104934.449247
1807,2025-03-13,2026-03-11,104934.449247
1808,2025-03-14,2026-03-12,104934.449247
1809,2025-03-17,2026-03-13,104934.449247
1810,2025-03-18,2026-03-16,104934.449247
1811,2025-03-19,2026-03-17,104934.449247
1812,2025-03-20,2026-03-18,104934.449247
1813,2025-03-21,2026-03-19,104934.449247
1814,2025-03-24,2026-03-20,103062.688849
1815,2025-03-25,2026-03-23,92363.9782742
1816,2025-03-26,2026-03-24,77559.0637998
1817,2025-03-27,2026-03-25,59027.670269
1818,2025-03-28,2026-03-26,57631.5899669
1819,2025-03-31,2026-03-27,49720.0770721
1820,2025-04-01,2026-03-30,50573.3315769
1821,2025-04-02,2026-03-31,50181.5540669
1822,2025-04-03,2026-04-01,49022.1995199
1823,2025-04-04,2026-04-02,42915.8971205
1824,2025-04-07,2026-04-06,42915.8971205
1825,2025-04-08,2026-04-07,42915.8971205
1826,2025-04-09,2026-04-08,42915.8971205
1827,2025-04-10,2026-04-09,42915.8971205
1828,2025-04-11,2026-04-10,42915.8971205
1829,2025-04-14,2026-04-13,42915.8971205
1830,2025-04-15,2026-04-14,42915.8971205
1831,2025-04-16,2026-04-15,42915.8971205
1832,2025-04-17,2026-04-16,42915.8971205
1833,2025-04-21,2026-04-17,42915.8971205
1834,2025-04-22,2026-04-20,42915.8971205
1835,2025-04-23,2026-04-21,42915.8971205
1836,2025-04-24,2026-04-22,42915.8971205
1837,2025-04-25,2026-04-23,42915.8971205
1838,2025-04-28,2026-04-24,42915.8971205
1839,2025-04-29,2026-04-27,42915.8971205
1840,2025-04-30,2026-04-28,42915.8971205
1841,2025-05-01,2026-04-29,42915.8971205
1842,2025-05-02,2026-04-30,42915.8971205
1843,2025-05-05,2026-05-01,42915.8971205
1844,2025-05-06,2026-05-04,42915.8971205
1845,2025-05-07,2026-05-05,42915.8971205
1846,2025-05-08,2026-05-06,42915.8971205
1847,2025-05-09,2026-05-07,42915.8971205
1848,2025-05-12,2026-05-08,42915.8971205
1849,2025-05-13,2026-05-11,42915.8971205
1850,2025-05-14,2026-05-12,42915.8971205
1851,2025-05-15,2026-05-13,42915.8971205
1852,2025-05-16,2026-05-14,42915.8971205
1853,2025-05-19,2026-05-15,42915.8971205
1854,2025-05-20,2026-05-18,42915.8971205
1855,2025-05-21,2026-05-19,42915.8971205
1856,2025-05-22,2026-05-20,42915.8971205
1857,2025-05-23,2026-05-21,42915.8971205
1858,2025-05-27,2026-05-22,42915.8971205
1859,2025-05-28,2026-05-26,42915.8971205
1860,2025-05-29,2026-05-27,42915.8971205
1861,2025-05-30,2026-05-28,42915.8971205
1862,2025-06-02,2026-05-29,42915.8971205
1863,2025-06-03,2026-06-01,42915.8971205
1864,2025-06-04,2026-06-02,42915.8971205
1865,2025-06-05,2026-06-03,42915.8971205
1866,2025-06-06,2026-06-04,42915.8971205
1867,2025-06-09,2026-06-05,42915.8971205
1868,2025-06-10,2026-06-08,42915.8971205
1869,2025-06-11,2026-06-09,42915.8971205
1870,2025-06-12,2026-06-10,43020.4131263
1871,2025-06-13,2026-06-11,43020.4131263
1872,2025-06-16,2026-06-12,43020.4131263
1873,2025-06-17,2026-06-15,43020.4131263
1874,2025-06-18,2026-06-16,43020.4131263
1875,2025-06-20,2026-06-17,43020.4131263
1876,2025-06-23,2026-06-18,43020.4131263
1877,2025-06-24,2026-06-22,43020.4131263
1878,2025-06-25,2026-06-23,43020.4131263
1879,2025-06-26,2026-06-24,43020.4131263
1880,2025-06-27,2026-06-25,43020.4131263
1881,2025-06-30,2026-06-26,43020.4131263
1882,2025-07-01,2026-06-29,43020.4131263
1883,2025-07-02,2026-06-30,43020.4131263
1884,2025-07-03,2026-07-01,43020.4131263
1885,2025-07-07,2026-07-02,43020.4131263
1886,2025-07-08,2026-07-06,43020.4131263
1887,2025-07-09,2026-07-07,43020.4131263
1888,2025-07-10,2026-07-08,43020.4131263
1889,2025-07-11,2026-07-09,43020.4131263
1890,2025-07-14,2026-07-10,43020.4131263
1891,2025-07-15,2026-07-13,43020.4131263
1892,2025-07-16,2026-07-14,43020.4131263
1893,2025-07-17,2026-07-15,43020.4131263
1894,2025-07-18,2026-07-16,43020.4131263
1895,2025-07-21,2026-07-17,43020.4131263
1896,2025-07-22,2026-07-20,43020.4131263
1897,2025-07-23,2026-07-21,43020.4131263
1898,2025-07-24,2026-07-22,43020.4131263
1899,2025-07-25,2026-07-23,43020.4131263
1900,2025-07-28,2026-07-24,43020.4131263
1901,2025-07-29,2026-07-27,43020.4131263
1902,2025-07-30,2026-07-28,43020.4131263
1903,2025-07-31,2026-07-29,44534.4918082
1904,2025-08-01,2026-07-30,44534.4918082
1905,2025-08-04,2026-07-31,44534.4918082
1906,2025-08-05,2026-08-03,44534.4918082
1907,2025-08-06,2026-08-04,44534.4918082
1908,2025-08-07,2026-08-05,44534.4918082
1909,2025-08-08,2026-08-06,44534.4918082
1910,2025-08-11,2026-08-07,44534.4918082
1911,2025-08-12,2026-08-10,44534.4918082
1912,2025-08-13,2026-08-11,44534.4918082
1913,2025-08-14,2026-08-12,44534.4918082
1914,2025-08-15,2026-08-13,44534.4918082
1915,2025-08-18,2026-08-14,44534.4918082
1916,2025-08-19,2026-08-17,44534.4918082
1917,2025-08-20,2026-08-18,44534.4918082
1918,2025-08-21,2026-08-19,44534.4918082
1919,2025-08-22,2026-08-20,44534.4918082
1920,2025-08-25,2026-08-21,44534.4918082
1921,2025-08-26,2026-08-24,44534.4918082
1922,2025-08-27,2026-08-25,44534.4918082
1923,2025-08-28,2026-08-26,44534.4918082
1924,2025-08-29,2026-08-27,44534.4918082
1925,2025-09-02,2026-08-28,44534.4918082
1926,2025-09-03,2026-08-31,44534.4918082
1927,2025-09-04,2026-09-01,44534.4918082
1928,2025-09-05,2026-09-02,44534.4918082
1929,2025-09-08,2026-09-03,44534.4918082
1930,2025-09-09,2026-09-04,44534.4918082
1931,2025-09-10,2026-09-08,44534.4918082
1932,2025-09-11,2026-09-09,44534.4918082
1933,2025-09-12,2026-09-10,44534.4918082
1934,2025-09-15,2026-09-11,44534.4918082
1935,2025-09-16,2026-09-14,44534.4918082
1936,2025-09-17,2026-09-15,44534.4918082
1937,2025-09-18,2026-09-16,44534.4918082
1938,2025-09-19,2026-09-17,44534.4918082
1939,2025-09-22,2026-09-18,44534.4918082
1940,2025-09-23,2026-09-21,44534.4918082
1941,2025-09-24,2026-09-22,44534.4918082
1942,2025-09-25,2026-09-23,44534.4918082
1943,2025-09-26,2026-09-24,44534.4918082
1944,2025-09-29,2026-09-25,44534.4918082
1945,2025-09-30,2026-09-28,44534.4918082
1946,2025-10-01,2026-09-29,44534.4918082
1947,2025-10-02,2026-09-30,44534.4918082
