date,SPY,QQQ,IWM
2018-01-01,100,100,100
2018-01-02,100.29693395,99.434449982,100.554923723
2018-01-03,100.843454581,98.9543895257,99.9441137328
2018-01-04,100.95799684,98.8622585241,99.9540996463
2018-01-05,100.336265703,98.9156462798,100.167910353
2018-01-08,100.460085248,100.508904851,101.719957091
2018-01-09,99.8431591551,100.218044354,100.477680122
2018-01-10,100.525176407,100.786721324,101.044679921
2018-01-11,99.7203032025,101.417496761,100.669809703
2018-01-12,99.1031497301,100.39223268,100.565689891
2018-01-15,99.3818604312,100.90175906,101.286313439
2018-01-16,100.848202525,101.95965791,102.388220575
2018-01-17,100.002959973,101.809760095,102.977801403
2018-01-18,99.9053037032,100.904047438,101.56801113
2018-01-19,100.472573426,101.967093724,102.899416911
2018-01-22,99.8308068343,101.611144242,102.429992619
2018-01-23,100.186691086,103.129416249,103.747809347
2018-01-24,101.039718291,103.976694439,105.068111903
2018-01-25,101.570486557,103.385986935,104.851285151
2018-01-26,101.025283001,102.19944114,103.569788521
2018-01-29,102.059006679,102.590201849,105.070816176
2018-01-30,100.791803421,101.248000449,103.708502337
2018-01-31,101.279849587,102.183685313,105.118502865
2018-02-01,101.008647086,101.593379306,105.380811921
2018-02-02,100.819933709,100.149427499,103.225275742
2018-02-05,100.173666826,99.9127875176,102.797142767
2018-02-06,100.971859775,100.186561938,103.61719645
2018-02-07,101.412352353,100.390252951,104.3013208
2018-02-08,101.049386876,99.8907850273,103.586583502
2018-02-09,100.069853492,99.4077159594,102.321281148
2018-02-12,100.102385125,99.6954907634,102.753383918
2018-02-13,100.934376913,100.317450649,103.080331796
2018-02-14,100.899244475,99.156409351,101.373335615
2018-02-15,99.7592603417,97.4085730063,100.125544163
2018-02-16,99.1539334551,96.6649996753,100.25588037
2018-02-19,98.5297928333,97.3047041212,98.5126041996
2018-02-20,98.4107468937,96.6191324597,97.8619525379
2018-02-21,99.3235157515,95.8061948493,98.4587211977
2018-02-22,99.5514878229,95.564444366,97.2770835277
2018-02-23,99.6134047787,95.3865038648,97.336175776
2018-02-26,99.6544828535,96.4373697929,97.719116748
2018-02-27,98.8914306882,95.9134969874,97.1540730692
2018-02-28,99.979760552,97.405905645,98.826539665
2018-03-01,100.939195731,97.5666351514,99.0959070063
2018-03-02,100.318146265,96.8098203036,97.4164853674
2018-03-05,100.845794714,97.1069163006,96.7747427254
2018-03-06,100.032780135,96.6473670756,96.7118883637
2018-03-07,101.725292047,100.179957737,99.7931609477
2018-03-08,100.857064481,97.7422187806,98.2959528046
2018-03-09,99.8059393361,96.3781890455,96.2116261114
2018-03-12,99.7258289828,96.9992163357,96.5778530818
2018-03-13,99.5861204049,95.9500752267,94.3323087786
2018-03-14,99.1646106168,95.5552566842,95.3919137172
2018-03-15,99.2769959267,96.2213915004,95.4693537758
2018-03-16,98.264817761,94.6352364807,93.4920715809
2018-03-19,100.177548263,95.6235881096,95.7867771791
2018-03-20,99.4511333453,95.6804892101,95.6822996272
2018-03-21,99.3265100052,95.54515841,94.9518055993
2018-03-22,99.5812095606,95.5611924453,94.5180321385
2018-03-23,98.9191351574,95.087726429,94.6823728799
2018-03-26,99.0299279457,95.1291241802,94.9092578044
2018-03-27,100.077111802,96.1595663461,95.7334920867
2018-03-28,101.27837548,97.5635454779,98.6560303427
2018-03-29,101.428571944,96.9755854744,97.5632170759
2018-03-30,103.056968327,99.7693622744,99.7530791859
2018-04-02,102.823408046,100.429365645,99.2288118036
2018-04-03,101.856730595,100.228489702,98.139460446
2018-04-04,101.878154965,100.136829616,98.3555530883
2018-04-05,102.809611029,100.992213791,99.7140035621
2018-04-06,100.851722786,99.2711678291,96.926271495
2018-04-09,99.7188742056,97.5654014308,95.1303102371
2018-04-10,101.067002571,97.0489505999,95.71439766
2018-04-11,100.569625543,96.3308830243,96.0715623437
2018-04-12,101.025042975,97.629965121,96.8625495311
2018-04-13,100.514730072,97.0528822924,96.4493970275
2018-04-16,100.669639409,96.4998136981,96.3292298639
2018-04-17,101.083328349,100.517005293,101.536956818
2018-04-18,100.28414818,99.578286245,99.1831685131
2018-04-19,99.4864491987,99.2779770008,100.16689537
2018-04-20,98.9260079794,98.3239108106,97.64561621
2018-04-23,98.700231566,96.6789792021,95.9124328575
2018-04-24,97.6336910897,95.6653168694,92.6977005548
2018-04-25,96.6635046718,96.0991455242,91.5249270642
2018-04-26,95.5955924993,96.79638367,93.8995693211
2018-04-27,94.9479932772,96.0348602136,93.3267476674
2018-04-30,96.1629995238,96.4991401862,94.1225289088
2018-05-01,96.8892942743,97.4917296159,94.7126592637
2018-05-02,96.8272861991,96.6444135364,94.1193850911
2018-05-03,96.6153359383,96.6457138644,93.5229879594
2018-05-04,96.9610657847,97.5680594509,94.2682631064
2018-05-07,97.355496732,97.9686460598,94.6938093536
2018-05-08,96.9201613942,97.7695101325,94.2756764828
2018-05-09,99.9945325997,102.550771494,98.9320745073
2018-05-10,99.0569949049,100.428014184,98.7956842236
2018-05-11,99.3918588427,101.241070199,97.3897732793
2018-05-14,100.384211598,102.559746897,97.5063852052
2018-05-15,100.036845943,102.442406073,97.2794360282
2018-05-16,99.8082865993,102.158704935,96.7987298817
2018-05-17,99.9403696946,103.224316117,95.6676936817
2018-05-18,99.8163781476,103.217850309,95.7627248062
2018-05-21,99.258942129,100.17735194,94.5169037989
2018-05-22,100.327958261,100.289144663,95.6805156253
2018-05-23,100.049211648,99.9978616835,94.4698087123
2018-05-24,99.891266974,100.497368416,94.9020138881
2018-05-25,101.822045702,103.363522265,97.8177114621
2018-05-28,104.988855716,106.896241185,102.744633663
2018-05-29,104.789846107,106.768224021,102.054621822
2018-05-30,105.579911805,106.648661597,103.044679479
2018-05-31,105.354701116,107.846735375,104.4221342
2018-06-01,107.698528739,110.799474589,105.330632873
2018-06-04,107.675771285,109.983754108,104.563602048
2018-06-05,108.96547373,111.625613654,105.551887717
2018-06-06,107.941967679,110.7427443,103.331663416
2018-06-07,107.422680208,110.512625095,103.794405359
2018-06-08,107.972205929,109.204105306,103.758680957
2018-06-11,108.08990293,109.782219992,106.006178064
2018-06-12,106.612075668,108.081421156,104.709159619
2018-06-13,105.434094186,108.057211274,104.249046713
2018-06-14,106.229566619,108.299393677,105.560962603
2018-06-15,107.038015534,109.179045423,106.644259878
2018-06-18,107.217755274,108.89803862,106.535065784
2018-06-19,107.046175271,109.201090395,107.834691672
2018-06-20,106.009870252,108.165155629,108.144489949
2018-06-21,105.307933744,106.808184206,107.226174699
2018-06-22,105.950648717,107.38946111,108.879993429
2018-06-25,106.933728068,109.115091675,110.986058696
2018-06-26,108.713767267,110.56704128,111.324747779
2018-06-27,110.511815859,111.711907934,113.147485452
2018-06-28,112.36804932,111.338333541,112.384379936
2018-06-29,110.87260837,109.376984175,110.887598305
2018-07-02,111.494574228,110.193095886,110.11387116
2018-07-03,109.403841448,108.432481499,107.548991214
2018-07-04,109.817844258,109.31763071,108.342820143
2018-07-05,111.119237964,110.795935661,110.712297114
2018-07-06,110.374597008,109.974494327,110.055167257
2018-07-09,111.168842751,110.34316166,111.197510457
2018-07-10,110.993299266,110.114489047,111.591621724
2018-07-11,109.443942442,107.864432203,108.348589
2018-07-12,106.574883042,104.652957107,105.896200515
2018-07-13,106.325127666,104.609847538,106.743451007
2018-07-16,107.421701303,105.508202896,108.942453624
2018-07-17,107.540603701,104.880109675,108.105483866
2018-07-18,105.817913097,102.499615175,105.405272908
2018-07-19,106.590687917,104.539685147,105.666148632
2018-07-20,106.943631847,104.089128668,106.035845299
2018-07-23,106.806101615,101.98182387,106.013847479
2018-07-24,106.357677844,101.252979578,104.547578715
2018-07-25,105.805277155,101.1177814,103.979601572
2018-07-26,106.084800457,101.59244073,105.363112899
2018-07-27,105.790007345,100.165147623,105.417810204
2018-07-30,105.622823804,100.580058312,105.745572192
2018-07-31,105.540683071,100.760165224,107.36367656
2018-08-01,107.113088006,102.120862012,109.183461419
2018-08-02,107.988481005,102.286824099,110.080548875
2018-08-03,107.989951355,102.553214019,109.401548099
2018-08-06,106.635799312,99.9042604124,106.194723577
2018-08-07,106.150889157,99.2363897386,107.643161295
2018-08-08,106.839060869,99.3221054954,108.323027322
2018-08-09,106.535397432,98.8866790733,108.044051816
2018-08-10,107.301183514,99.1761473458,109.934308516
2018-08-13,106.589850737,98.6073417577,110.848954226
2018-08-14,106.830517626,99.9407508541,111.830236226
2018-08-15,107.278298727,100.276033386,112.175752925
2018-08-16,106.015885621,99.8405075112,109.678922624
2018-08-17,106.490577905,100.849162362,110.77594767
2018-08-20,106.282879351,100.994362563,110.461627095
2018-08-21,107.453697425,100.070945962,110.294623445
2018-08-22,105.827870997,97.7174018656,109.113550191
2018-08-23,106.403641801,97.8217350008,108.606758794
2018-08-24,103.161928628,94.7253257997,107.520192892
2018-08-27,103.654538321,94.631720544,108.289735223
2018-08-28,102.194794079,93.2379630166,106.653265954
2018-08-29,102.145650097,93.7603729104,107.218475326
2018-08-30,102.626159342,93.7652478801,108.15603604
2018-08-31,103.916811235,94.1855188392,108.523461093
2018-09-03,105.217687655,95.072379313,111.230361173
2018-09-04,104.873951744,95.7849640748,111.528216458
2018-09-05,105.050536949,96.6719400672,111.932701998
2018-09-06,104.363238079,95.8421520803,111.359244844
2018-09-07,102.93519049,95.1829676227,109.515337062
2018-09-10,104.055799242,94.2074382326,108.914812011
2018-09-11,102.662899135,92.5451326745,107.274580351
2018-09-12,102.565513625,92.3312236445,106.974731145
2018-09-13,102.817452741,91.6308047913,107.533808025
2018-09-14,103.317050281,92.2423119286,108.614469133
2018-09-17,103.617050798,93.9797623195,109.734439635
2018-09-18,103.370036642,93.24444621,108.197113069
2018-09-19,102.799891327,92.4545995624,107.338048682
2018-09-20,103.071636423,92.7015569458,107.077664615
2018-09-21,104.036910359,94.0836721994,108.313903014
2018-09-24,103.540329733,94.048034045,108.124191131
2018-09-25,102.577225856,93.2478704453,107.227854037
2018-09-26,101.944149422,92.8600170033,105.508794351
2018-09-27,104.555653982,96.9082838675,108.954266388
2018-09-28,104.911766407,95.3898609477,107.268944275
2018-10-01,104.703788342,94.5336339283,107.227299899
2018-10-02,106.356488292,95.069962119,107.888480905
2018-10-03,106.630460835,96.6379731325,107.664556878
2018-10-04,106.845751024,97.9278035166,107.272682382
2018-10-05,106.004105094,97.0209642566,105.911075353
2018-10-08,107.32995969,98.4015190073,104.702814031
2018-10-09,108.220979999,98.3268573378,107.232419359
2018-10-10,107.724197938,97.5040089687,106.918872014
2018-10-11,108.321830539,98.251207481,106.4654337
2018-10-12,108.95196805,97.8157125768,106.864833511
2018-10-15,106.103121916,96.3034044569,102.75944712
2018-10-16,104.953720364,95.9238197155,102.078340697
2018-10-17,104.480899086,96.5110707675,101.76017349
2018-10-18,104.538591987,96.7787644456,101.352161539
2018-10-19,104.887369883,96.7624111797,101.282925568
2018-10-22,106.04005264,96.9874828976,100.203814132
2018-10-23,107.895984566,100.839571326,102.826192478
2018-10-24,105.755304931,98.8022229641,100.238727858
2018-10-25,105.609292718,97.8428236076,100.156412561
2018-10-26,106.16798619,97.0445261621,100.734003505
2018-10-29,109.682260498,100.096710513,103.825282351
2018-10-30,109.583823084,100.465473091,102.536412895
2018-10-31,109.796555142,100.278993722,104.465315668
2018-11-01,109.637082751,101.614044305,103.955715691
2018-11-02,110.447913805,102.627305766,103.866792285
2018-11-05,110.58832638,103.384197509,104.134948226
2018-11-06,109.253657954,102.283869368,102.140240835
2018-11-07,109.07891334,102.103673796,101.028811718
2018-11-08,107.44501174,101.182782649,99.1551274096
2018-11-09,105.496930418,100.088774387,97.701171901
2018-11-12,104.91778131,98.6651507043,97.3214348468
2018-11-13,105.331752827,101.228819779,99.2276906891
2018-11-14,105.744213171,101.436201404,100.313422613
2018-11-15,106.252153188,102.691371662,100.849691795
2018-11-16,105.715532039,101.706116264,101.001928925
2018-11-19,106.776791778,102.330524631,101.658150181
2018-11-20,107.079697179,102.402825903,102.647072731
2018-11-21,105.471189639,100.547527468,100.241206588
2018-11-22,103.604335641,98.3243240929,97.3545803966
2018-11-23,103.316855403,99.5579727745,97.4382688334
2018-11-26,102.418125223,98.7593632052,97.3921771824
2018-11-27,101.794606054,97.7150357328,96.8592185682
2018-11-28,101.633521472,98.0499568773,96.9152105175
2018-11-29,102.273360622,97.812550359,97.1635507232
2018-11-30,102.12064332,96.8094039692,95.351858032
2018-12-03,103.30118374,97.2914498415,94.6952018182
2018-12-04,103.26425616,97.8828358383,93.6244306644
2018-12-05,100.092707806,93.5871056859,92.5783384228
2018-12-06,100.286919553,94.1323649792,92.3368720829
2018-12-07,99.2302674841,93.6300244788,91.5405178634
2018-12-10,99.668139714,93.8754741055,92.0945755744
2018-12-11,99.9619456566,95.2326090852,94.1554206526
2018-12-12,98.8591105066,92.9856135508,93.0547738376
2018-12-13,99.742746221,93.0960419262,92.3846568819
2018-12-14,99.8412001961,93.755098044,93.9681273506
2018-12-17,100.761578807,93.9738644281,93.1857427569
2018-12-18,100.799525754,93.7302177392,92.0645852042
2018-12-19,102.419904576,96.2053002778,94.9660044245
2018-12-20,101.845315714,96.2033398317,95.0106811429
2018-12-21,102.394596166,97.9076134575,96.8410736563
2018-12-24,103.292842661,99.303272588,98.4162093094
2018-12-25,101.868366969,98.1664537906,96.597828856
2018-12-26,101.274409493,98.3689077488,97.1203094612
2018-12-27,102.747765888,99.8599299044,100.064673488
2018-12-28,102.785429176,100.069902754,99.1555651073
2018-12-31,103.224618841,100.501830766,98.3482357407
2019-01-01,103.203145647,100.422685197,99.8385066287
2019-01-02,103.803768624,100.943600325,100.601520051
2019-01-03,103.870135717,100.842204465,99.6523784737
2019-01-04,103.823464446,100.494762631,98.889178022
2019-01-07,104.293122417,101.189102332,98.0584595554
2019-01-08,104.241542469,101.69432316,98.8830271917
2019-01-09,105.278604572,102.616154828,99.1595762885
2019-01-10,103.808757518,101.779735659,98.3838156291
2019-01-11,105.01214189,103.695844013,99.8887935943
2019-01-14,104.070061714,102.66617705,98.9994079592
2019-01-15,103.864240998,101.907873802,98.7838146764
2019-01-16,103.557892103,101.285310133,98.4935830711
2019-01-17,103.168247826,101.175322386,98.4712889169
2019-01-18,101.763888505,99.4446195843,98.4897597791
2019-01-21,101.211112261,98.0563415286,96.6019419588
2019-01-22,101.269458095,98.1392187476,96.549594931
2019-01-23,102.533571815,96.8551050868,97.043017413
2019-01-24,103.693683278,97.1260602497,97.5976631317
2019-01-25,102.973624358,95.7980143744,96.2199246458
2019-01-28,104.766097278,99.1486616629,98.5353903712
2019-01-29,106.86764583,100.924760017,102.379678403
2019-01-30,106.841457849,100.968924993,102.577270281
2019-01-31,109.360206625,103.617840319,104.878087527
2019-02-01,110.124593053,104.022014372,105.181324121
2019-02-04,110.951071116,104.731407174,106.248762123
2019-02-05,110.990625416,105.006986708,106.742990579
2019-02-06,108.914979118,103.903316759,103.951533156
2019-02-07,107.640503675,102.797817263,102.721443137
2019-02-08,106.324132819,103.073288558,99.6568572484
2019-02-11,106.064606758,102.500518153,99.20022482
2019-02-12,106.381330048,101.866683997,99.7654854878
2019-02-13,106.493240978,99.773643341,96.386562864
2019-02-14,106.509171871,99.6294202424,96.2446225647
2019-02-15,106.5085414,99.8154862848,97.1446782465
2019-02-18,105.744772359,98.4948500177,95.3841304398
2019-02-19,106.038624276,99.695529387,95.7681717638
2019-02-20,103.287520953,95.8475704187,91.5889818077
2019-02-21,102.812726796,95.1613886468,91.0323688588
2019-02-22,102.649803207,95.5570119928,90.7741860362
2019-02-25,102.08967691,95.3740837561,89.4793141445
2019-02-26,102.407323444,95.7008335666,89.7056794195
2019-02-27,103.496517794,96.2468682905,91.7251548403
2019-02-28,103.354713179,95.3459624477,91.2657227496
2019-03-01,102.102525883,93.6030349829,90.1622804125
2019-03-04,102.521702924,93.5814465174,90.9812000007
2019-03-05,103.298820104,94.9648745251,92.3669508139
2019-03-06,104.202897947,94.7008461013,92.5580366776
2019-03-07,103.111121611,93.9603209633,90.9600002457
2019-03-08,102.964449206,95.4353560107,91.4314216447
2019-03-11,103.440231891,95.6151904651,91.8463293556
2019-03-12,103.471993565,96.0067271326,93.0377617609
2019-03-13,104.787880317,97.27887485,94.7803243341
2019-03-14,103.823895366,96.4362148195,94.5477769834
2019-03-15,104.587996658,97.2098023205,96.0213386584
2019-03-18,105.314077577,99.2236984208,97.7831809585
2019-03-19,104.958862491,99.2369450458,94.7339515954
2019-03-20,105.230727175,97.4895521187,93.0844757536
2019-03-21,105.558446728,98.0217429482,92.8423118563
2019-03-22,104.923564723,98.5639519875,92.3626627926
2019-03-25,106.581651098,99.9287491263,94.1486416232
2019-03-26,107.947008722,101.142784336,94.7404877193
2019-03-27,107.8942873,101.081085051,93.8313359636
2019-03-28,107.732168878,100.492571495,94.051711967
2019-03-29,107.791142178,100.325860489,93.920020553
2019-04-01,107.994381942,100.899434343,93.6202383225
2019-04-02,107.163633209,100.982159606,92.9233812788
2019-04-03,105.895928791,100.281149481,92.281457142
2019-04-04,104.445917975,99.2699145129,91.6421960593
2019-04-05,104.687754779,99.7831004476,91.3117283671
2019-04-08,105.00928449,99.8246445149,91.1344129033
2019-04-09,105.680623096,101.316380122,93.2911280619
2019-04-10,106.49016266,101.942705664,94.1959169029
2019-04-11,107.115631972,102.550675979,94.9007631367
2019-04-12,107.797800387,103.085030214,95.0139183063
2019-04-15,107.444617471,103.289030497,94.9142609304
2019-04-16,107.748798059,104.016853637,95.1445579116
2019-04-17,108.537250922,105.014850858,94.951168136
2019-04-18,109.264692282,105.423988974,94.8380728239
2019-04-19,107.747681338,102.846972656,92.9419959328
2019-04-22,107.510782446,102.375817295,93.1055361644
2019-04-23,107.804391865,102.834491969,93.7380027068
2019-04-24,108.324575368,101.834956713,93.3169162834
2019-04-25,106.143372527,100.074577194,91.3527199413
2019-04-26,107.89670279,103.175018433,93.9620394497
2019-04-29,107.23313675,103.194579264,92.9919298005
2019-04-30,107.258743139,103.950478359,92.9321203052
2019-05-01,108.8020679,106.365593212,93.3022386913
2019-05-02,109.58779124,107.515843435,94.2808069861
2019-05-03,109.097486766,106.587272448,93.3086432804
2019-05-06,109.528729714,106.338753434,93.6983033824
2019-05-07,108.675652022,105.491970275,92.9411890584
2019-05-08,113.294942824,107.177298208,98.4202599391
2019-05-09,113.480110794,107.697370649,98.8578944752
2019-05-10,114.103710907,108.044318517,101.003020752
2019-05-13,113.3691813,109.038952111,100.127271157
2019-05-14,113.330098089,107.979520146,100.061467354
2019-05-15,114.287782101,108.738993628,100.81954977
2019-05-16,113.642729828,108.087677891,99.3379285843
2019-05-17,112.49804005,107.385851337,99.8447874259
2019-05-20,115.164685353,109.147023923,103.280878888
2019-05-21,115.407308675,109.239383578,103.787798689
2019-05-22,115.502033381,109.420493273,103.541155369
2019-05-23,114.549483625,107.717965694,102.616082165
2019-05-24,114.266736848,106.925579482,102.092153146
2019-05-27,115.237024416,107.901861498,102.407479082
2019-05-28,116.836277227,110.905921948,105.240631944
2019-05-29,117.916445541,112.942504869,107.866134133
2019-05-30,119.751929413,115.988903983,111.702518643
2019-05-31,118.585207863,115.664429239,109.526503605
2019-06-03,117.842031158,116.137678528,110.057713534
2019-06-04,119.283114991,117.157184995,110.366316331
2019-06-05,118.967618837,117.018186852,110.220697841
2019-06-06,120.089651399,117.681901917,111.475348775
2019-06-07,119.152292125,117.267297969,110.743504424
2019-06-10,118.458779786,116.473875949,109.810866412
2019-06-11,118.27117739,117.566198746,110.137615806
2019-06-12,117.948432701,114.60063218,107.401931023
2019-06-13,117.692911932,113.742511833,108.188446923
2019-06-14,117.412390668,115.597649811,109.002099677
2019-06-17,117.472207236,115.58893153,109.032106342
2019-06-18,119.844031982,114.857856036,107.576484388
2019-06-19,119.450136243,114.54082523,107.680253839
2019-06-20,119.84439221,114.621858333,108.625127843
2019-06-21,120.975734975,115.740229737,110.689760575
2019-06-24,121.304953726,115.493605272,111.439647116
2019-06-25,121.522662561,115.680512724,113.886898152
2019-06-26,119.042438142,112.384205488,109.732100292
2019-06-27,118.777964127,111.995447505,108.292279493
2019-06-28,117.893059862,110.596191527,109.152892975
2019-07-01,119.172350958,111.410559407,110.050607619
2019-07-02,117.897453206,108.563302465,107.811042257
2019-07-03,116.805730455,107.608698117,105.117968523
2019-07-04,115.825139088,106.983584422,104.694596063
2019-07-05,116.097589191,106.572078139,105.08466274
2019-07-08,114.824844777,106.396756498,104.269476698
2019-07-09,113.755925235,105.324853832,103.406264269
2019-07-10,114.256079173,105.643668181,104.884883612
2019-07-11,115.07283384,106.142034713,106.115398145
2019-07-12,117.558678821,110.202731533,108.129673466
2019-07-15,116.152039336,110.978298661,106.230800501
2019-07-16,114.810477176,109.430435471,105.126702769
2019-07-17,114.754059749,108.926665996,104.351761988
2019-07-18,113.940194367,107.37261783,105.5517467
2019-07-19,114.284599951,108.452079789,105.800544072
2019-07-22,114.095330884,107.590204229,102.466631771
2019-07-23,112.824585864,105.108002934,98.7311320482
2019-07-24,111.71629909,105.255465623,98.1617043721
2019-07-25,112.553391921,106.165573597,99.4535058948
2019-07-26,111.851890088,105.94722279,99.4758846793
2019-07-29,111.044447753,105.966743105,99.7507508889
2019-07-30,110.303186136,104.012703065,96.9747500919
2019-07-31,110.396701272,104.30293666,96.6380633805
2019-08-01,110.449111365,104.798599739,97.3836191033
2019-08-02,111.354360152,106.165131378,98.0139463618
2019-08-05,112.342881924,106.735234195,99.3209863474
2019-08-06,112.457787362,106.387711105,97.2288930044
2019-08-07,112.335763796,105.137602058,97.3109266489
2019-08-08,114.501905301,105.976302868,99.2106843868
2019-08-09,113.953801131,105.122889238,99.0406525885
2019-08-12,113.958568862,106.011803702,99.2024285534
2019-08-13,114.910741412,106.864939612,100.731128997
2019-08-14,114.444588524,106.443421054,100.170215714
2019-08-15,113.749836465,106.356949644,100.232320982
2019-08-16,114.221803453,107.705001573,102.04571379
2019-08-19,113.969551102,107.735415896,101.51059471
2019-08-20,114.023591961,107.229859279,102.842995954
2019-08-21,114.482955539,107.394372837,104.418995532
2019-08-22,112.547276803,104.282574029,102.471857442
2019-08-23,112.639421702,104.579815646,101.41722843
2019-08-26,112.651678105,105.729664686,102.468050279
2019-08-27,112.860311593,105.513122814,102.106124191
2019-08-28,110.897056713,104.111512978,101.034423971
2019-08-29,109.594273182,102.576506207,98.6931732083
2019-08-30,108.158266275,101.471403919,94.5885645037
2019-09-02,108.857649349,102.739733341,95.3132559831
2019-09-03,107.484982022,101.135630996,94.4275999479
2019-09-04,105.526760909,99.3179786182,91.8007093402
2019-09-05,106.357942,99.4382121322,92.6427985063
2019-09-06,106.80164682,100.934770638,93.4405728502
2019-09-09,107.073535104,100.34587429,93.9784059399
2019-09-10,106.363336026,99.3120317449,93.0938788024
2019-09-11,105.269737775,98.5583424495,92.7434583986
2019-09-12,105.512534883,97.7789652004,92.4319134654
2019-09-13,106.515833132,96.550211562,91.1881951741
2019-09-16,107.38603667,97.453747706,92.398782258
2019-09-17,108.525435844,98.5886625348,93.8640426364
2019-09-18,110.089764573,99.7368810721,94.8552431403
2019-09-19,110.429668399,100.268687939,94.9598968959
2019-09-20,109.291112985,101.482054806,95.2302466238
2019-09-23,107.74687101,101.859909027,94.372461267
2019-09-24,107.482533463,102.190979161,93.106108637
2019-09-25,108.005655944,104.914236182,95.16414608
2019-09-26,107.810778843,104.492541469,94.6582756848
2019-09-27,107.396483057,103.576517378,95.385473259
2019-09-30,105.122581285,102.645987206,93.2749946707
2019-10-01,105.46397843,102.119677257,94.1852171883
2019-10-02,106.603218302,103.829133122,94.4102238484
2019-10-03,107.129193923,104.492616936,94.1576081709
2019-10-04,107.137376192,104.745842867,94.6373985918
2019-10-07,107.332051782,105.156392066,96.1277647758
2019-10-08,108.154495435,104.237549571,95.9848977918
2019-10-09,108.011235719,102.560875668,95.2251993438
2019-10-10,108.783529783,102.656055256,95.8595344569
2019-10-11,107.696553804,101.073128625,96.0809970779
2019-10-14,106.141775777,100.928408093,90.4027487766
2019-10-15,107.861255063,102.82723447,92.0072319723
2019-10-16,109.034291061,101.419862027,93.9612544936
2019-10-17,108.830586484,101.136441787,93.4256130578
2019-10-18,108.346803582,101.25335988,93.408582494
2019-10-21,108.763788941,101.593109627,94.0412646538
2019-10-22,108.374781886,103.125784602,93.2168849198
2019-10-23,110.302203676,106.484978543,94.660253855
2019-10-24,112.15400543,108.754581557,97.3018437969
2019-10-25,112.213554344,108.597063716,97.0619705227
2019-10-28,112.54027244,109.802869806,97.8834150863
2019-10-29,111.429186346,109.755241861,98.2403772896
2019-10-30,111.881185612,110.572912,98.6943337676
2019-10-31,111.047616266,109.145180429,96.3016351048
2019-11-01,111.307719501,109.300489429,96.140740646
2019-11-04,109.386396108,106.932012934,94.7068958215
2019-11-05,108.940382752,106.777963684,93.5611905733
2019-11-06,110.633629875,108.087554336,95.3053428961
2019-11-07,112.350387576,110.519020733,97.0882415228
2019-11-08,111.913703185,109.92263258,96.9305792041
2019-11-11,111.839436419,109.525502519,97.9204794712
2019-11-12,111.781592994,110.989668381,98.591543302
2019-11-13,112.971312944,112.232862976,100.322104634
2019-11-14,112.295053614,110.912372363,99.7525996645
2019-11-15,113.277516886,111.799175861,99.6059963848
2019-11-18,111.959044634,109.419162367,96.3371460078
2019-11-19,112.11905776,110.742985784,96.981825164
2019-11-20,109.959165894,108.716932962,94.8154091275
2019-11-21,112.045233033,109.261918345,95.835638973
2019-11-22,113.811129511,111.171172127,98.0725173169
2019-11-25,113.958703884,111.599872101,99.0152115308
2019-11-26,112.845932342,111.732045591,96.8313617649
2019-11-27,113.108858603,112.07625195,96.7463988213
2019-11-28,113.111156259,111.451127279,95.4534889279
2019-11-29,112.910152304,110.651693848,95.1801595604
2019-12-02,111.439968134,110.205969195,92.955889412
2019-12-03,110.650047949,108.729621778,93.4892325552
2019-12-04,111.504101349,109.002647333,95.077485734
2019-12-05,107.842843302,105.808422872,94.6808322535
2019-12-06,108.147583586,106.198190382,96.0017664456
2019-12-09,111.194253463,102.915753168,91.2881047897
2019-12-10,111.937825678,101.510766403,94.6258061986
2019-12-11,111.085141965,96.4614401028,88.9283918772
2019-12-12,104.082633982,90.6798532159,82.4534078497
2019-12-13,103.204713727,91.8003283945,84.4987891201
2019-12-16,102.908244692,88.3665118443,83.7178876918
2019-12-17,104.151236496,89.8230203821,86.7303513582
2019-12-18,101.918818511,91.1396270225,84.6957001581
2019-12-19,103.302207965,89.7836681988,83.413008018
2019-12-20,106.710058911,91.926654357,87.5706437975
2019-12-23,107.161898892,92.1252922513,89.8511036024
2019-12-24,106.787205279,89.5279666586,87.2875068143
2019-12-25,107.852983439,90.8706028969,86.1127494341
2019-12-26,106.522883064,89.0731560685,84.0790877694
2019-12-27,103.748353304,86.0910055056,80.1902729718
2019-12-30,104.962398571,87.8981581302,81.4299388527
2019-12-31,104.152444704,87.5305197372,79.5522319785
2020-01-01,101.213946784,83.5490521712,75.1521993753
2020-01-02,98.8671946051,82.1001032319,74.508204853
2020-01-03,94.029428787,78.6445850305,70.2090226137
2020-01-06,95.0917491811,79.3951005455,67.8051784345
2020-01-07,93.2176907304,78.0614289455,67.4916960833
2020-01-08,90.4141331158,76.3395631975,66.5739395762
2020-01-09,90.1268610685,76.9694716135,65.689521014
2020-01-10,89.9797671059,75.1059394217,62.465291529
2020-01-13,93.2192997881,74.9698729945,62.7432727983
2020-01-14,88.0005396472,67.4725156145,57.0397078845
2020-01-15,87.0769813316,67.1903040882,56.9215954361
2020-01-16,87.5915167781,67.7922129594,58.9259934938
2020-01-17,85.7154432877,66.4563532974,58.893498313
2020-01-20,87.1581929011,66.3311793839,59.2138282888
2020-01-21,89.6877150924,68.6550451901,61.5377810974
2020-01-22,89.155766216,67.6329868194,61.3495928714
2020-01-23,88.4125489559,67.0543174911,60.9327802968
2020-01-24,87.2267902259,66.91126871,63.8546125199
2020-01-27,84.2845117355,65.3085720887,60.8605739986
2020-01-28,85.3559521047,66.0956336531,62.6760580351
2020-01-29,86.9494734122,67.3552989492,65.0725295014
2020-01-30,84.0923590133,66.771402273,63.807783388
2020-01-31,86.1502137445,66.56925752,63.5121159078
2020-02-03,86.6489125542,66.8700933999,64.5453145927
2020-02-04,88.4170227111,66.1078168866,66.1337760167
2020-02-05,88.4499356182,65.9539068371,64.6691824709
2020-02-06,89.4705693973,63.4322430838,64.8251363312
2020-02-07,87.1738053804,62.0620091664,62.972569968
2020-02-10,90.1634068343,63.6381790405,63.8528104104
2020-02-11,89.3310531734,64.4794882979,64.5297055311
2020-02-12,88.7580523244,63.8844087929,62.2719056628
2020-02-13,89.4203797706,62.4403261824,62.7100954939
2020-02-14,89.5836182117,64.1717357856,62.8133199167
2020-02-17,89.4796292531,65.5242069306,64.4245736338
2020-02-18,88.4719460423,65.0971945277,63.7692817977
2020-02-19,88.8722478893,64.7414170576,63.6892040046
2020-02-20,86.2309933425,63.206311222,62.2968468741
2020-02-21,85.8492456995,61.0893810053,62.3301291274
2020-02-24,86.5967856032,60.6381402336,62.0399871162
2020-02-25,82.8080523492,56.6911579076,57.4113613254
2020-02-26,84.2090131593,57.0930204133,58.697616401
2020-02-27,83.68071303,56.9345358254,58.2898321781
2020-02-28,85.1632387843,57.2751151308,57.3081943258
2020-03-02,82.8418981001,55.3695803334,54.0087862226
2020-03-03,83.4430365061,55.3296627575,56.3684524581
2020-03-04,80.3962242621,53.7764240346,53.0006236584
2020-03-05,79.3005949065,53.3278032587,48.9505632505
2020-03-06,79.9084667292,56.5235829392,49.9519844041
2020-03-09,80.1825268594,57.3278905928,50.3097758718
2020-03-10,78.5234315376,52.0937422007,48.5304838729
2020-03-11,78.3798682179,51.1471952258,48.1487527488
2020-03-12,76.8245479549,49.4301528421,47.7396214227
2020-03-13,74.700096247,49.1991277649,45.4546554404
2020-03-16,73.6045909169,50.470130293,46.7477530971
2020-03-17,73.8569154105,49.2433380183,45.4975019848
2020-03-18,73.9669110888,49.3369454853,45.5125569675
2020-03-19,73.919721766,49.0390294379,43.5124696097
2020-03-20,72.6338122098,49.6619905784,41.3311877542
2020-03-23,72.4260931769,48.9430599632,41.0350876086
2020-03-24,71.8115496483,50.032024744,41.7261292428
2020-03-25,69.4068859192,49.338613823,39.7647569506
2020-03-26,68.778371282,49.1721270752,39.1670851412
2020-03-27,70.5948211917,49.3138833617,39.1673104139
2020-03-30,68.8716843374,47.3267291655,39.3747635371
2020-03-31,69.5121494504,48.7529686749,41.4405400385
2020-04-01,68.6168366942,48.2440885811,40.2898530641
2020-04-02,67.5126593321,46.9960283864,38.49947075
2020-04-03,62.7116983126,43.6626111177,32.355857833
2020-04-06,63.8417086683,43.5976141443,34.5637252308
2020-04-07,63.4002667832,43.3796859286,33.6360540845
2020-04-08,65.0179696344,44.9915470655,34.9271427652
2020-04-09,62.5622739284,43.7449083294,32.55381425
2020-04-10,64.6039378234,45.695173318,33.9933663569
2020-04-13,61.6623749276,43.122273504,32.5195363623
2020-04-14,62.8846026404,44.5604793679,32.6371623447
2020-04-15,63.2158158396,45.4393018247,32.1814518316
2020-04-16,63.222907141,45.6388583141,32.0878709113
2020-04-17,61.5033220617,44.3574812041,30.9508256748
2020-04-20,61.3313242255,43.7912647048,30.4258871423
2020-04-21,61.3136975879,44.0157145805,30.3743154541
2020-04-22,60.7250783872,43.734607903,28.7279609135
2020-04-23,61.2200762782,44.0475486711,28.9918051387
2020-04-24,62.5890453772,43.1435461418,27.8117312965
2020-04-27,62.9632617219,43.3648680783,28.0808270313
2020-04-28,62.3973639559,43.539277389,28.491010648
2020-04-29,63.1203745629,43.744604597,27.3873408421
2020-04-30,63.8470799038,44.8851859318,28.1864828337
2020-05-01,62.5895398691,44.7252106377,28.3300592411
2020-05-04,64.5855888342,45.2646451751,28.9290117349
2020-05-05,65.4287857618,45.8228951512,28.7970598013
2020-05-06,65.743250528,46.2771442677,29.0499690953
2020-05-07,66.0045332675,46.2582564594,29.8256186374
2020-05-08,64.8448458456,45.0687176433,29.1284735682
2020-05-11,67.1477765793,44.0536719149,27.9476157517
2020-05-12,64.2785649978,42.4350636546,26.058349561
2020-05-13,63.6815952437,42.712902617,25.587709505
2020-05-14,64.0250018142,42.6620001823,26.0304405713
2020-05-15,64.7456613505,42.473105919,26.0544614885
2020-05-18,65.9231914413,43.4066498702,26.0187735784
2020-05-19,66.8571246532,43.05396769,26.902822013
2020-05-20,68.711660267,44.3993481047,27.8892221736
2020-05-21,68.5035089363,44.7049483869,27.7727474291
2020-05-22,69.0107787386,46.0528859966,27.8501438209
2020-05-25,68.1751884989,44.5816661544,26.6210618934
2020-05-26,65.5687434359,43.7029863833,26.7218127958
2020-05-27,67.2871223301,43.5512250587,27.4521027608
2020-05-28,68.7179207615,44.1004755401,28.0231264992
2020-05-29,67.279460592,43.4048801715,27.1346849487
2020-06-01,67.5620651236,42.3687405275,27.1688100638
2020-06-02,69.3044936554,42.5877446238,26.9185284321
2020-06-03,65.4799747017,40.272260968,24.8841640792
2020-06-04,62.8812233143,39.2943508068,23.6934597623
2020-06-05,61.6519006265,38.2653547047,23.5561920715
2020-06-08,63.3028650078,38.9677398604,24.7851958714
2020-06-09,61.0395111525,37.7847711886,23.975921199
2020-06-10,60.5270565639,37.7786552508,23.5128951817
2020-06-11,61.0196435028,38.3368198508,22.7660688722
2020-06-12,62.156841184,37.3520997403,22.5270594965
2020-06-15,63.4163225832,37.8090315783,22.315218227
2020-06-16,62.318370055,37.7940018712,21.3994240693
2020-06-17,63.3685526653,38.3251337546,21.4038723282
2020-06-18,62.5426379397,37.0964765988,21.3042174857
2020-06-19,63.2517461749,36.6038087837,21.1859437252
2020-06-22,61.3463483721,37.1273987065,19.9583798321
2020-06-23,64.4436161626,38.7341863372,20.29806034
2020-06-24,63.4833669751,37.6103343819,19.2546988964
2020-06-25,63.7214471423,36.2131831584,17.4325710245
2020-06-26,63.3235329417,35.0195242623,16.8619721372
2020-06-29,61.9644679312,33.7125073999,17.1136464201
2020-06-30,62.0105153077,33.8000323273,16.8835561508
2020-07-01,61.6754171701,33.6974320271,16.6554211456
2020-07-02,62.2169108989,33.6175231758,16.6820236288
2020-07-03,61.840465258,33.4936096905,16.4766985037
2020-07-06,61.7348624317,33.3935890745,16.3491844231
2020-07-07,62.0502971353,33.615117775,16.4397470803
2020-07-08,61.8339660537,33.7210946041,16.3966451738
2020-07-09,61.7059370377,33.6848994504,16.5719883512
2020-07-10,61.2134254545,33.5928690672,16.279368796
2020-07-13,61.3122624094,33.9380354617,16.4265746664
2020-07-14,61.4295618374,33.8304052922,16.424637975
2020-07-15,61.2756158936,33.4977470116,16.2681351228
2020-07-16,61.3616618979,33.4064697655,16.1853869491
2020-07-17,60.5394240516,33.1327521898,16.071911717
2020-07-20,60.657091883,33.3988400826,16.1646127469
2020-07-21,61.0454135903,33.7291342154,16.2843982878
2020-07-22,60.4600948958,34.6828075483,16.2818551217
2020-07-23,60.1431712364,34.6356382322,16.2507591619
2020-07-24,59.3935762949,34.57314204,16.0971936747
2020-07-27,58.9582873762,34.6028094107,16.0977760333
2020-07-28,58.174512122,34.7893446726,16.1189098764
2020-07-29,58.1844675678,35.1776482316,16.2284498966
2020-07-30,58.1876946251,35.0368191583,16.2603031379
2020-07-31,58.4954917135,35.2049375267,16.2189300814
2020-08-03,58.5809816876,35.2306047245,16.0421049802
2020-08-04,57.5407205546,34.9017577216,15.293192682
2020-08-05,57.6349295753,34.852252771,15.4294154175
2020-08-06,57.4445579888,34.900344408,15.3649815035
2020-08-07,57.5049889025,35.0954126779,15.3680540906
2020-08-10,58.0386437767,35.0993949557,15.4966206241
2020-08-11,58.4406077849,35.4628322032,15.8515308075
2020-08-12,57.3277097693,33.7696871445,14.9018477848
2020-08-13,57.6761591321,34.082803733,15.0387757241
2020-08-14,57.3304644142,34.0348485487,14.8722593489
2020-08-17,57.9061401091,35.0684048934,15.2321898296
2020-08-18,58.1361887635,35.0929012307,15.1025503183
2020-08-19,57.8337522974,34.6245511032,14.7610290208
2020-08-20,58.4372397936,34.9916446194,14.965433338
2020-08-21,58.2542334819,34.8377622354,15.0577501586
2020-08-24,58.2547337501,34.9623231605,15.0625029366
2020-08-25,58.0640217871,34.4110456071,14.6147778929
2020-08-26,57.9595699158,34.3715509425,14.4461093547
2020-08-27,57.9540392287,34.3862802233,14.143275772
2020-08-28,57.5199359674,34.2677224609,14.0985531722
2020-08-31,56.8980005873,33.9910649578,14.0826904061
2020-09-01,57.22162721,34.1410632606,14.1174573411
2020-09-02,56.9702648783,34.1160844741,14.0934914936
2020-09-03,57.3579613171,34.362126265,14.3198778705
2020-09-04,57.4293245041,34.653583285,14.5184377788
2020-09-07,56.9234778206,33.7578250718,14.4999073214
2020-09-08,57.1135674564,33.2356199542,14.296958399
2020-09-09,57.4305823383,33.3410951024,14.3189156572
2020-09-10,58.3677931431,33.4606759823,14.360244806
2020-09-11,58.4767532184,33.6055797126,14.4603464791
2020-09-14,59.0162745892,33.9366084389,14.6807774689
2020-09-15,58.9325633678,33.9077748381,14.6712617257
2020-09-16,59.0134632509,34.0716201917,14.7598213025
2020-09-17,59.1036872314,33.4064916425,14.6591751797
2020-09-18,59.1002674873,33.469145407,15.0187799442
2020-09-21,58.8085513728,33.4505603753,15.1235523018
2020-09-22,58.874936701,34.1106663703,15.231091788
2020-09-23,59.0640102909,33.9853216369,15.1854630381
2020-09-24,59.2715787489,34.4275697696,15.3776692179
2020-09-25,59.6737517194,34.6178972908,15.4578112991
2020-09-28,61.1469595329,35.4768916368,15.7844903455
2020-09-29,60.8486691802,35.106047223,15.761559835
2020-09-30,60.7015322769,35.0620920024,15.7206729899
2020-10-01,61.3494650463,35.0129908856,15.5777804925
2020-10-02,61.4944747747,35.2635027589,15.7028123864
2020-10-05,61.1680150215,35.2472555448,15.5690052856
2020-10-06,60.997946969,34.9900331307,15.6005962366
2020-10-07,61.374952658,35.3572830243,15.9184593695
2020-10-08,63.6987636236,35.8083407886,16.2371844338
2020-10-09,63.3154532609,35.3442791548,15.8986704737
2020-10-12,63.1512639486,34.900976374,15.8235687597
2020-10-13,63.1983939255,35.0687291662,15.9432917874
2020-10-14,63.6431101477,35.154184871,16.402894267
2020-10-15,63.8663873788,34.4508596362,16.0527464751
2020-10-16,62.5178518547,33.8219804962,15.6747217397
2020-10-19,62.2364134476,34.3056994173,15.8266834228
2020-10-20,62.5637741307,34.2679261673,15.7625383225
2020-10-21,62.5938047767,34.3164617875,15.5993073246
2020-10-22,62.5169785532,34.2842119472,15.552957545
2020-10-23,61.9143787306,33.7953739223,15.3177072668
2020-10-26,61.9858793625,34.0123985775,15.5378652121
2020-10-27,61.6695166491,33.6096579022,15.5182825245
2020-10-28,61.9026524173,33.6465930699,15.6317111939
2020-10-29,62.5536803631,34.3638960647,16.1818913714
2020-10-30,62.1590523842,34.1785068174,16.0765987547
2020-11-02,62.1357299246,34.0420723122,15.8920898133
2020-11-03,62.1822354981,33.9398523383,15.8825879841
2020-11-04,61.867307254,33.5675156451,15.7706800262
2020-11-05,61.9725836175,33.785505448,16.1611006991
2020-11-06,62.1133628698,33.9603782611,16.1007157079
2020-11-09,61.6945247345,34.0218161701,15.9687278193
2020-11-10,61.0328676416,33.6911304906,15.7710291894
2020-11-11,60.2683836187,33.1930864851,15.8013043371
2020-11-12,59.7381487311,32.4750238,15.7093127698
2020-11-13,59.9716994096,32.4534097329,15.5612790831
2020-11-16,59.5605511755,32.2446209297,15.6144597951
2020-11-17,59.0382197058,31.9770292146,15.554963967
2020-11-18,58.0554350184,31.7216481285,15.2058125193
2020-11-19,58.2879134556,31.9127832126,15.4703292728
2020-11-20,58.5861242592,31.4584554403,15.3052737907
2020-11-23,58.6819010401,31.4495745126,15.3896663839
2020-11-24,58.9511393394,31.6706907618,15.4686214183
2020-11-25,58.2308743334,31.2461391592,15.2914533566
2020-11-26,57.6407878811,31.1377287292,15.2982233653
2020-11-27,57.7260652838,30.3537208516,14.9364760752
2020-11-30,58.3207886066,30.5493736173,14.9244908844
2020-12-01,58.7283132534,30.7390994121,15.1220914184
2020-12-02,58.8641369983,30.8959810662,15.2213162653
2020-12-03,59.2312029762,31.6045751066,15.5758328616
2020-12-04,58.0264249882,31.2072587657,15.5090963028
2020-12-07,58.8220710961,31.4496314303,15.8969380998
2020-12-08,59.5673077704,32.7660619865,16.1938816553
2020-12-09,59.3916540015,32.6260939714,16.0808977153
2020-12-10,58.7215401047,31.2623778107,15.5478343009
2020-12-11,58.947252647,31.2345742599,15.8632866227
2020-12-14,58.9753163804,31.8569947845,16.0921292145
2020-12-15,59.7060291981,32.3200207603,16.6462704819
2020-12-16,59.7443502598,32.4394429804,16.7244934819
2020-12-17,59.6250129074,32.4751867236,16.996888627
2020-12-18,59.5030353234,32.5213139829,17.1640520843
2020-12-21,60.1742705882,32.8466257438,16.9816774246
2020-12-22,60.6690469074,32.0798547272,17.2475428851
2020-12-23,60.7880540883,32.4250399735,17.2062629299
2020-12-24,59.9541255353,32.104738628,16.9709267883
2020-12-25,59.7585976912,32.0314591742,17.2446364125
2020-12-28,60.0929061669,32.3814341075,17.4878198631
2020-12-29,60.7251603345,32.6424090763,17.4270873089
2020-12-30,60.6509061039,32.7932277438,17.3243780372
2020-12-31,60.5748318756,32.5855349118,17.4729213604
2021-01-01,60.9551122343,32.9179823556,17.7135438596
2021-01-04,60.9469215419,32.9750444179,17.5152759283
2021-01-05,59.8539012945,32.4953646575,17.2409473345
2021-01-06,60.5212364752,33.2242304709,17.7884378835
2021-01-07,60.2454920981,33.0425030948,17.7299730791
2021-01-08,61.4783197022,33.9837159887,18.3577912222
2021-01-11,61.0449521613,33.2708539123,18.353180837
2021-01-12,60.3991869464,32.8942616206,18.1098734382
2021-01-13,61.3117182381,33.2329930143,17.9682708432
2021-01-14,61.5339313695,33.2007062224,18.0043679177
2021-01-15,61.5082374079,33.1271580844,18.0864615889
2021-01-18,60.7868594637,32.6687655781,17.9256522568
2021-01-19,60.5794340582,32.2924349819,17.8551086692
2021-01-20,60.9652025865,32.4663112818,17.7861621503
2021-01-21,61.282042859,32.2778566597,17.8293153281
2021-01-22,60.774820003,31.724004116,17.5126051481
2021-01-25,60.6839760455,31.5098473538,17.5333312803
2021-01-26,59.6774621388,32.0941542018,17.6955164876
2021-01-27,59.4347674714,31.8274242843,17.401790046
2021-01-28,59.6142626093,31.8165371998,17.0468780535
2021-01-29,59.3510991374,31.4718155082,17.1369627475
2021-02-01,58.3649074016,30.6141295132,16.9137661965
2021-02-02,59.3479894073,30.8172828933,17.0170739411
2021-02-03,59.5428928857,30.5916026317,16.8373131853
2021-02-04,59.4125337196,30.9017244142,16.8361845957
2021-02-05,59.4618012741,31.1045949514,17.0976670238
2021-02-08,59.1512322075,30.9589795628,17.2910152298
2021-02-09,58.2221445199,30.8321576594,16.9076026262
2021-02-10,58.2795483193,30.8117619872,16.7983402389
2021-02-11,57.9267585475,30.6982703831,16.8091636528
2021-02-12,57.8939077646,30.6960977672,16.8612474985
2021-02-15,57.4001901194,30.6511201175,16.8815949689
2021-02-16,58.4571020462,31.0741214343,17.1355682741
2021-02-17,58.927121433,31.5239003453,17.2520619469
2021-02-18,58.7435167319,31.5660701973,17.1134251569
2021-02-19,58.5336709324,31.4918951529,17.2102249639
2021-02-22,58.2025545967,30.8309877032,16.6565592234
2021-02-23,57.6126068081,30.2604590375,16.3787806225
2021-02-24,56.7816594287,29.6452224735,15.9151213696
2021-02-25,56.6316672551,29.8073620697,15.9992272928
2021-02-26,56.6547379172,29.6992231255,15.9081036529
2021-03-01,56.7924405027,29.8663542453,15.8820010249
2021-03-02,56.8305198694,29.2604678487,15.7667686593
2021-03-03,57.2678157842,29.3869320089,16.1480363146
2021-03-04,56.6585597321,29.1847721507,15.9796093289
2021-03-05,56.6015910429,29.1227257692,15.9733661497
2021-03-08,57.1458138972,29.7642199143,16.241247841
2021-03-09,57.6943950616,29.8013387107,16.4863598596
2021-03-10,57.1671685633,29.9214620356,16.8640222668
2021-03-11,57.1219838556,29.4026277172,16.6339378696
2021-03-12,57.6444723073,29.7437139951,16.8519845314
2021-03-15,58.0726674256,30.0295079655,17.1514009266
2021-03-16,58.935361071,31.0687782598,17.6970201237
2021-03-17,59.4477955565,31.2266589277,17.7390705744
2021-03-18,60.4391379997,31.7412759062,18.1998714162
2021-03-19,60.498629408,31.6709839165,18.1916706848
2021-03-22,61.3147151379,32.1905187121,18.2099692625
2021-03-23,61.2146842624,32.5932438604,18.2704605144
2021-03-24,59.6828309518,32.6537633279,18.1751685514
2021-03-25,59.6512028022,32.5190352978,18.3455829815
2021-03-26,59.2019719772,32.7843050603,18.4730834138
2021-03-29,59.3379108898,32.8868119492,18.5009205157
2021-03-30,59.7177210131,32.9225931034,18.4111835019
2021-03-31,60.1368295561,33.3301454633,18.6981679798
2021-04-01,60.3773707203,33.3601266407,18.8843475901
2021-04-02,60.3609866677,33.1872414211,18.7664997514
2021-04-05,61.6437065138,33.2711735879,19.1309055018
2021-04-06,60.7988626732,32.8465048693,18.7804671208
2021-04-07,60.1507226294,32.6008345188,18.5504202319
2021-04-08,59.4125955656,32.3975440541,18.5071458397
2021-04-09,59.9167748614,32.6964963764,18.692615031
2021-04-12,60.4598792367,33.2827250899,19.0996210519
2021-04-13,59.9493226859,33.093081022,19.0213673094
2021-04-14,58.9185077181,32.7298806608,19.1225362658
2021-04-15,59.347739081,33.4128032829,19.4427372273
2021-04-16,59.2620019234,33.6348223493,19.1302958075
2021-04-19,58.7468117867,33.7328397603,19.2924066688
2021-04-20,58.420353299,33.7406590323,19.2182645243
2021-04-21,58.5516426583,33.8895367264,19.3959520742
2021-04-22,58.5893570828,34.1129598322,19.4942235404
2021-04-23,58.9014592869,34.0666402524,19.8788667267
2021-04-26,59.2768693682,34.5402927277,19.6863863301
2021-04-27,58.9326880736,34.6468640348,19.6858354237
2021-04-28,58.359021654,34.5203762711,19.4768983795
2021-04-29,58.8394003859,34.7547810738,19.6627375605
2021-04-30,59.5475776003,34.8435234606,19.6426550822
2021-05-03,59.4147809808,35.101350959,19.3647768646
2021-05-04,58.1666261316,34.7861625277,18.8817921035
2021-05-05,57.9354348709,34.0452261725,18.5013895025
2021-05-06,57.9454139091,34.3419593085,18.4393955007
2021-05-07,58.8675890724,34.6229050404,18.5784558819
2021-05-10,59.5244290722,35.0083885752,18.7371461944
2021-05-11,59.4510980684,35.3756853152,19.0756891717
2021-05-12,59.0550366288,35.1592383117,18.9532005519
2021-05-13,58.2119299583,34.6953833839,18.6634401625
2021-05-14,58.955862538,35.4953856731,18.9569639082
2021-05-17,58.8298809385,35.6649483409,18.8553486181
2021-05-18,59.3885671442,35.9184594582,18.7513562164
2021-05-19,58.8563282517,36.0846169858,18.662332281
2021-05-20,60.2893212339,36.6114328675,19.1550173875
2021-05-21,61.7244108221,37.0349335334,19.1962526648
2021-05-24,62.3968006889,37.162971061,19.3544566475
2021-05-25,62.1992021598,37.1130339767,19.1984797838
2021-05-26,62.0877765263,37.2250874996,18.9909543096
2021-05-27,61.7407206387,36.9478906724,18.6340276189
2021-05-28,61.4812651198,36.8544706798,18.4852821071
2021-05-31,61.246487158,36.7226620072,18.2310901044
2021-06-01,61.5078245882,37.1345446966,18.3316260985
2021-06-02,61.7668141621,37.2076817758,18.4500186006
2021-06-03,62.5048771965,37.7241058018,18.4735513843
2021-06-04,62.6784049815,38.0479442759,18.560835086
2021-06-07,63.3093273889,38.1531595395,18.4357063278
2021-06-08,63.4437515497,37.4313939743,18.2297800977
2021-06-09,64.3902439734,37.1937835549,18.0805204818
2021-06-10,63.4950532436,36.7136621827,17.7209173073
2021-06-11,64.0716414459,37.2039374854,17.9908213173
2021-06-14,64.1358216276,37.3051179868,17.9474860041
2021-06-15,64.6081253071,37.2393230516,18.1344420085
2021-06-16,65.1636845023,37.5700163701,18.287863818
2021-06-17,65.351061473,37.036290927,18.2268513142
2021-06-18,65.3269247992,37.016333781,18.2860170743
2021-06-21,65.3177487293,36.8161832698,18.2218826355
2021-06-22,65.4102444378,36.9281526762,18.3144103114
2021-06-23,66.1364695252,36.9142372165,18.4688788281
2021-06-24,66.8858020744,36.7903668665,18.5948060877
2021-06-25,66.4769651176,36.462418585,18.2636701643
2021-06-28,66.3878854119,36.982829116,18.1654395254
2021-06-29,65.8132011167,36.3765599324,18.1539244433
2021-06-30,65.1978968235,36.0628287101,17.823022079
2021-07-01,64.7415841366,35.7850020017,18.0059114862
2021-07-02,65.3543542528,35.9021225498,18.2151358427
2021-07-05,64.9070068955,35.2024529785,18.1168945953
2021-07-06,66.5902859873,36.7301236597,18.6110911912
2021-07-07,66.5000137624,36.924380575,18.7121011448
2021-07-08,66.3114436424,36.4155841002,18.5677067323
2021-07-09,66.7923539707,36.3951648846,18.7203501802
2021-07-12,66.9589023253,36.6406324023,18.9188768099
2021-07-13,66.561916335,35.9811412895,18.5931463552
2021-07-14,67.2097930617,36.1030245368,18.6011652056
2021-07-15,66.1526422002,36.1028234455,18.551424391
2021-07-16,66.9991760921,37.0164571841,19.0997083555
2021-07-19,66.8466208569,36.8878969045,18.9570872476
2021-07-20,67.9507423049,37.5351964776,19.2613325538
2021-07-21,68.2454911248,37.3814002264,19.5218150585
2021-07-22,67.9132379678,37.3527927332,19.612473771
2021-07-23,68.2940700907,37.5810996312,19.7419662592
2021-07-26,68.2860807741,37.4526316909,19.650318614
2021-07-27,69.2163033363,37.8674274177,19.7864072599
2021-07-28,68.9541415172,38.0339975879,19.8846226604
2021-07-29,69.2557427801,38.1163996767,20.0409855877
2021-07-30,68.9802067923,37.9268585404,20.0665982602
2021-08-02,69.491328522,37.9016976896,20.0140546459
2021-08-03,69.5764872333,38.4676040964,19.8404577742
2021-08-04,69.8438634808,37.9881913445,19.6062245442
2021-08-05,69.4946638877,37.6177698491,19.3034940265
2021-08-06,69.5161636361,37.4810549825,19.0449498675
2021-08-09,69.9567008848,37.8866782459,19.3431591324
2021-08-10,69.1710318036,37.5908837394,19.2289330922
2021-08-11,68.3807574282,37.219754375,18.9741909457
2021-08-12,69.6968177016,38.5070716742,19.2055883301
2021-08-13,71.1538484163,38.9520887134,19.7149835751
2021-08-16,71.8564884736,38.9465113143,19.9274330404
2021-08-17,71.8384559268,39.0289572204,19.9655356483
2021-08-18,72.7487233386,39.4901712394,20.2038429233
2021-08-19,73.3771269258,39.9464600419,20.5368761722
2021-08-20,73.062624376,39.5434871298,20.3018827645
2021-08-23,72.7765868525,39.5954490611,20.395170807
2021-08-24,72.6821924266,40.0561331936,20.7672202512
2021-08-25,72.8303814527,39.9128535359,20.9908094241
2021-08-26,72.8147133857,39.9408541001,20.9416634331
2021-08-27,72.3625585467,39.3449399383,20.8002977537
2021-08-30,71.9092879474,40.0240241326,20.7132696882
2021-08-31,71.3113795826,39.858235017,20.7745539602
2021-09-01,71.3662107815,40.0498699771,20.5328356787
2021-09-02,70.7323302112,39.2224946904,19.6980419271
2021-09-03,70.8170779119,38.6283538783,19.3585612614
2021-09-06,70.5366719228,38.2711021259,19.2809141322
2021-09-07,70.7041185004,38.5640264486,19.4799904354
2021-09-08,71.3860471943,38.890138011,19.7244096786
2021-09-09,71.6020689902,39.021018445,19.7520176858
2021-09-10,71.408611626,38.6771228256,19.7046734337
2021-09-13,71.3584031671,38.4224102754,19.5023030476
2021-09-14,70.8614857764,38.3895824666,19.4185635593
2021-09-15,70.3318008433,38.3877765169,19.2327968437
2021-09-16,69.5116957352,38.2936534567,18.9850498447
2021-09-17,69.3063693575,38.2069056808,19.0945482291
2021-09-20,69.3348500121,37.8933497666,19.1028567173
2021-09-21,69.1075015647,38.2505007123,19.1524474262
2021-09-22,68.0329433022,37.817537329,19.1178564581
2021-09-23,69.1687468362,39.0161641393,19.415268461
2021-09-24,69.9774298011,39.1011009249,19.6291329323
2021-09-27,68.9212252842,38.3147843697,19.0943559909
2021-09-28,69.3193544124,38.6780873644,19.2831465024
2021-09-29,68.4769468877,38.1691908532,18.8835135453
2021-09-30,68.9015772027,38.6521875385,19.2066351375
2021-10-01,68.5537861877,37.8196160067,18.7094036805
2021-10-04,69.3962686194,38.1127565184,18.8064340102
2021-10-05,70.7106258755,39.235312009,19.3047158139
2021-10-06,70.5837667325,39.1427128575,19.2900962211
2021-10-07,71.5676705939,39.7476603589,19.7199196441
2021-10-08,72.6587508342,39.7468755673,20.0912236916
2021-10-11,72.4652062774,38.7724161335,19.4013523675
2021-10-12,71.3878373052,38.5422456794,19.1977439523
2021-10-13,71.5339765145,39.2667783587,19.1679719032
2021-10-14,71.535492293,39.3577380956,19.0747202884
2021-10-15,71.5712832043,38.8794492134,19.1975435488
2021-10-18,71.1418784569,39.3230000007,19.2285050099
2021-10-19,71.7715505589,39.6131145895,19.3983541508
2021-10-20,71.4791324238,39.5043214355,19.3672588418
2021-10-21,71.1218087667,39.3032458586,19.1810094939
2021-10-22,72.1947569776,39.802978547,19.6663668337
2021-10-25,72.0598879706,39.8389130252,19.3772271346
2021-10-26,71.8755852647,39.7980219839,19.5246521713
2021-10-27,72.0299979389,40.2944730663,19.774793748
2021-10-28,73.1603582589,40.8288747292,20.5333423761
2021-10-29,72.7549611312,40.2988963141,20.041413391
2021-11-01,76.6674505583,42.8732966077,21.1890405807
2021-11-02,77.4101134331,43.4368810272,21.76011675
2021-11-03,76.5140515382,42.9196733426,21.4008447355
2021-11-04,74.9954672773,42.5893256826,20.9989927308
2021-11-05,75.5738447242,43.7831950807,21.3162371641
2021-11-08,75.3083301405,43.6914103776,21.4308746536
2021-11-09,74.9200067416,43.2608747289,21.4686697209
2021-11-10,75.2504923687,42.5614099353,21.0728153246
2021-11-11,76.6693689202,43.4541933833,21.3417377238
2021-11-12,76.6067413225,43.4277071216,21.4199070748
2021-11-15,75.5950110251,42.6042251737,21.1004348267
2021-11-16,75.556156541,42.7528288294,20.9357111821
2021-11-17,75.7706928115,43.1624462376,21.1430942321
2021-11-18,75.8691616735,43.1850024355,21.0349302919
2021-11-19,75.8491201367,43.5231635958,21.0948447469
2021-11-22,75.3572440519,43.1328034345,20.9475804882
2021-11-23,75.0805937498,43.1917636166,21.0258856881
2021-11-24,75.7253015219,44.0323677551,21.5306975633
2021-11-25,75.2979739793,43.592296881,21.3386798588
2021-11-26,74.9771346229,42.9882468903,21.0438319122
2021-11-29,74.6917587616,42.6260362044,20.8507071173
2021-11-30,75.3613394172,43.0177905799,21.4323130986
2021-12-01,75.454033471,43.001412211,21.4444614005
2021-12-02,75.5981093873,43.1826980355,21.7950890622
2021-12-03,74.8802001397,43.207034582,21.7236752331
2021-12-06,73.9903242603,42.9886770705,21.7169810764
2021-12-07,73.5020764388,42.739066495,21.2733037528
2021-12-08,72.6550449744,42.683432134,21.0170141775
2021-12-09,71.9904887278,42.4172480683,20.7420975011
2021-12-10,71.6515467492,42.5386365104,20.4628141009
2021-12-13,71.0866279102,42.2990713548,20.4796325991
2021-12-14,71.9818701272,42.5161518909,20.8771190282
2021-12-15,71.5318726543,42.859586214,20.6876719352
2021-12-16,72.4486611695,43.103981709,21.2937412193
2021-12-17,72.7079607256,43.0202200952,21.2586562771
2021-12-20,73.1925527976,43.604411576,21.4761663217
2021-12-21,73.23929562,43.8870196831,21.5768595667
2021-12-22,72.3925878565,43.153624174,21.2892416471
2021-12-23,73.2423477205,44.1865742562,21.847912802
2021-12-24,73.5304895785,44.7188228531,21.8480725294
2021-12-27,73.4717211374,44.463673727,21.5927142382
2021-12-28,73.6360829817,44.5959645057,21.7400404536
2021-12-29,74.0572933404,44.9173235926,22.0119722036
2021-12-30,74.0558393989,45.0225387123,21.9380005485
2021-12-31,74.2022542354,45.2273287266,21.9464865966
2022-01-03,74.2408537682,45.1180839961,21.8679310149
2022-01-04,73.7556818553,45.1689907732,21.9284590239
2022-01-05,74.261906342,46.420243492,22.2711084282
2022-01-06,77.0618337294,47.8366446059,23.1934389214
2022-01-07,76.8618950026,47.8432369767,23.2924950767
2022-01-10,76.8064825305,48.4613051695,23.4765028703
2022-01-11,77.1934565815,47.9803316246,23.6035575211
2022-01-12,77.1126485356,47.6858121656,23.3429341204
2022-01-13,78.6238289527,48.4237744501,23.5629087303
2022-01-14,78.1523816581,48.1512807074,23.5219552946
2022-01-17,78.5409432216,48.6097879212,23.5781803716
2022-01-18,78.8910617453,48.3310565318,23.399358599
2022-01-19,78.2075005762,47.468087209,23.3031703457
2022-01-20,78.6117104478,47.9798323704,23.5074326002
2022-01-21,79.2335667177,47.5695110409,23.7176106206
2022-01-24,79.3401114611,47.7915537974,23.8457291949
2022-01-25,78.6978358392,46.9141860155,23.3693900112
2022-01-26,79.0537625265,47.319895065,23.2978478988
2022-01-27,78.5160115407,46.8201198148,23.0193151445
2022-01-28,77.7581774001,45.9940777837,22.5465099942
2022-01-31,77.8556738034,45.4818390884,22.4096035373
2022-02-01,78.7829608942,45.37505548,22.4980859939
2022-02-02,80.2423358959,45.8098143985,22.6367044362
2022-02-03,81.1388644449,46.1415385144,23.1024073097
2022-02-04,81.551996316,46.1891620141,23.3082996884
2022-02-07,81.8324779976,46.7485414867,23.3724653347
2022-02-08,81.883645579,46.7521996731,23.5280567476
2022-02-09,81.2201250592,46.7680025549,23.5008428196
2022-02-10,80.2878016093,46.7489882298,23.7853197586
2022-02-11,81.0281751056,47.6609381914,24.1671437501
2022-02-14,80.0066915457,46.5295816374,23.7413984069
2022-02-15,79.6183634376,46.0059166807,23.524997493
2022-02-16,79.9672033228,45.7833128497,23.4625751743
2022-02-17,81.0271778428,45.9372175492,23.8645656686
2022-02-18,80.8220759953,45.9653280225,23.980482333
2022-02-21,81.5487450659,46.7682662377,24.0020849087
2022-02-22,82.4263023217,46.8740997955,24.2451808795
2022-02-23,82.6698046763,47.2092899718,24.4579185982
2022-02-24,82.1283268043,46.4817741331,24.3398953655
2022-02-25,82.3288650588,47.1450185147,24.5349968046
2022-02-28,80.743927877,46.9166298828,24.0607388479
2022-03-01,81.0712169605,46.7829340768,24.5159297796
2022-03-02,80.128671416,46.1175565215,24.2017494111
2022-03-03,79.354802278,45.8527126181,24.3334963274
2022-03-04,79.0572519946,45.8356012873,23.7393830284
2022-03-07,79.0319685422,45.6367262963,23.4054991331
2022-03-08,79.8737670568,45.9356534868,23.5955766028
2022-03-09,79.6986688194,45.3400670444,23.242983742
2022-03-10,80.1789228348,45.0673281279,23.1552636173
2022-03-11,79.9749772709,45.4586864363,23.3390161619
2022-03-14,79.05841884,46.116876483,22.9855295175
2022-03-15,79.7461693832,46.0009492392,23.2814800488
2022-03-16,79.5628645664,45.6448322673,23.1277507037
2022-03-17,79.8016597169,45.5661453901,23.2743470551
2022-03-18,79.2284098667,45.6029107278,23.3078196117
2022-03-21,79.2172843786,45.4835846183,23.2971077925
2022-03-22,79.7206067335,46.6664651255,23.9242468477
2022-03-23,80.9505522489,49.2988004604,25.0057675643
2022-03-24,81.8684128182,50.4983127556,24.91731432
2022-03-25,80.8864711412,49.3405422214,24.8842512612
2022-03-28,80.7080187326,49.3326896576,25.2202100667
2022-03-29,82.0378070891,49.9115729661,25.3122996905
2022-03-30,83.5337843024,51.2557619114,25.3047473432
2022-03-31,83.1268448925,51.1627372369,25.5198535111
2022-04-01,84.6880603394,52.2691370953,26.3847295115
2022-04-04,84.8620273938,51.4802479422,26.031403138
2022-04-05,84.911791826,51.4800407034,25.191266521
2022-04-06,84.4300087804,51.2645623683,24.9470574013
2022-04-07,84.1446559826,51.4429692596,24.5507734136
2022-04-08,81.5382524993,49.7436425326,24.0308968495
2022-04-11,83.0935862782,50.962868413,24.2201608065
2022-04-12,82.6866728117,51.0047004311,24.2490568253
2022-04-13,84.5857381469,50.2724980326,24.485113028
2022-04-14,85.0305221539,50.9468934694,24.4967779368
2022-04-15,84.6103102032,48.8784902048,23.7063507313
2022-04-18,83.8475492523,47.7084885249,23.3610097489
2022-04-19,83.8046920349,46.3796296783,23.0983267115
2022-04-20,82.5304103486,46.098792636,22.3304365353
2022-04-21,82.613181628,45.8483032861,22.4494771174
2022-04-22,82.8676276507,45.7362881135,21.7003866886
2022-04-25,80.8103748439,44.3395418778,21.0366015496
2022-04-26,79.9259220818,44.3717599395,20.7958249545
2022-04-27,79.0209697979,43.8014564118,20.5727274096
2022-04-28,79.5199842521,45.4159434726,20.7763025902
2022-04-29,79.4286779276,45.7004742243,20.8162639597
2022-05-02,78.6599484324,44.0614461842,20.1164920161
2022-05-03,76.9586988358,41.8451998767,19.0288586551
2022-05-04,75.3526585689,41.5222293045,18.9356842934
2022-05-05,73.7442711891,40.5175824624,17.6384876652
2022-05-06,73.2209053685,40.4817140234,17.7640684794
2022-05-09,72.3909981469,40.6990358029,17.2593246864
2022-05-10,70.9235504642,40.402498209,17.4437185154
2022-05-11,71.8864742479,40.8444370521,16.6741991031
2022-05-12,69.8769323991,39.9124563084,16.1165624912
2022-05-13,68.8461129305,39.4301911685,15.8976159366
2022-05-16,69.5439141222,39.8314479256,16.2761806279
2022-05-17,69.5689584704,39.7887509605,16.5036769974
2022-05-18,68.9105025867,40.4530150399,16.6029051755
2022-05-19,69.4347676723,41.0899326392,17.3974344468
2022-05-20,70.0197576649,40.7868227977,17.6699371314
2022-05-23,69.711406608,40.6841946032,17.2981762025
2022-05-24,70.2481246873,40.6246528794,17.3913881601
2022-05-25,69.934941912,41.6243770706,18.1122065565
2022-05-26,70.0099647039,41.7067986757,18.0246283755
2022-05-27,71.4891989446,42.2479930496,18.2349672631
2022-05-30,72.2220421111,42.4207884185,18.3798971913
2022-05-31,70.3294343509,41.8955465468,18.5520417861
2022-06-01,71.0359903211,43.0077251418,18.701855998
2022-06-02,71.2687960563,42.6685543145,18.6130472866
2022-06-03,71.9944089403,43.0998866511,18.4924401288
2022-06-06,70.6071648663,41.5858221413,18.0825302242
2022-06-07,72.1357471126,42.8992917167,18.2590156946
2022-06-08,73.577780392,44.149152199,18.3641904505
2022-06-09,73.171710061,44.7588227822,18.6141324063
2022-06-10,71.5190783858,44.3013482769,17.5824146695
2022-06-13,71.1149280026,45.2754746519,17.7199491264
2022-06-14,70.6218048463,45.5197436732,17.9335845113
2022-06-15,71.8674289774,46.695245738,18.608556575
2022-06-16,72.5681203875,47.2385286169,18.8481497769
2022-06-17,72.3512179422,46.4185395586,18.4112107945
2022-06-20,72.0315050503,46.4061494319,18.7867305128
2022-06-21,72.0022563972,47.0435952701,19.2196934844
2022-06-22,71.758908473,47.2976051105,19.1586575033
2022-06-23,72.9134767651,48.2865814559,19.2797183065
2022-06-24,73.2942596451,50.6956711811,19.7116560823
2022-06-27,73.9052363302,51.5131876247,19.6094074287
2022-06-28,74.7437050713,50.6336972717,19.320662064
2022-06-29,75.5162544477,51.2444001353,19.5047665588
2022-06-30,75.9185597405,51.4536139378,19.6104721066
2022-07-01,76.8267482273,51.3980384047,19.7581238907
2022-07-04,76.2517573636,49.2611690048,18.8206321221
2022-07-05,78.9820185982,51.1896484532,19.0490423361
2022-07-06,77.5387544818,50.3111334919,19.0210848694
2022-07-07,77.1705881671,51.6746412389,19.3943746617
2022-07-08,77.7580157656,51.0578596723,19.6479269727
2022-07-11,77.4492905909,51.3777622502,19.4632557287
2022-07-12,77.7899677958,51.9554137408,19.5551406942
2022-07-13,78.3025852723,52.0629895235,19.4600221596
2022-07-14,80.5527116306,54.2386903956,19.9502468354
2022-07-15,81.4189006193,54.086307499,19.6281985741
2022-07-18,83.0802683718,53.4496122064,20.1070933212
2022-07-19,82.8423692255,53.1930109259,20.1223568471
2022-07-20,83.381169989,53.0751717996,20.332306829
2022-07-21,83.5622741493,52.1687979313,20.1302871999
2022-07-22,85.2151371959,54.1773051283,20.9579209691
2022-07-25,83.6574000079,53.6817902284,20.8969769575
2022-07-26,85.4609469403,55.8006055245,21.7997869027
2022-07-27,85.376146854,55.2340221469,20.9835472294
2022-07-28,86.3156390118,56.0580409594,21.6418968778
2022-07-29,84.2352079218,55.4652219318,21.9963058487
2022-08-01,84.3606682758,55.4910025589,22.1258029557
2022-08-02,86.5915197915,56.123177042,22.6676889374
2022-08-03,85.6083926188,55.169714325,22.3018920704
2022-08-04,87.0407060812,57.0640748423,23.0294627899
2022-08-05,86.3889912823,59.3009130534,23.1708848549
2022-08-08,85.8603786458,57.9374794993,23.1715737152
2022-08-09,86.378673563,58.9926293661,23.2779979526
2022-08-10,88.6594461506,60.4236741038,24.2645471747
2022-08-11,86.4636888598,60.3183518818,24.1546383873
2022-08-12,86.4555711289,60.6222778924,24.0531757408
2022-08-15,85.9585847586,60.0596172904,23.4064437742
2022-08-16,86.7122082984,61.153658662,23.5848291998
2022-08-17,86.9779242331,61.2023774074,23.6991795402
2022-08-18,86.6327452958,60.6673257309,23.7016629005
2022-08-19,86.5901593077,61.9145947328,23.9470216176
2022-08-22,86.0960713483,62.0435393884,23.981437375
2022-08-23,86.7992503097,63.2071277291,24.1575163507
2022-08-24,86.7654421644,63.1389464865,23.9851871581
2022-08-25,86.6457253586,63.5304072841,24.0719147993
2022-08-26,85.4362447305,61.8250256776,23.9573632567
2022-08-29,85.3522404795,61.2858942394,23.7514222737
2022-08-30,84.0329521068,61.2866994767,23.4272651976
2022-08-31,85.3307117134,62.1481819303,24.1760437905
2022-09-01,85.5145490588,62.6184643008,24.4238400507
2022-09-02,86.4827455636,63.5862531457,24.6818535387
2022-09-05,89.008120837,64.4348288795,25.2906464887
2022-09-06,89.0402817662,64.6303309533,25.2542041194
2022-09-07,89.3782049896,64.7372523844,24.8940648038
2022-09-08,89.4091513405,64.1180984946,24.356404802
2022-09-09,89.5172796999,64.3836815017,24.5115428177
2022-09-12,89.8768008298,63.874381668,24.2596025854
2022-09-13,91.0107479503,64.2073573789,24.6011075831
2022-09-14,90.5847878464,63.9791917407,24.3769567328
2022-09-15,91.0799906895,64.35979821,24.4311364539
2022-09-16,90.1914816542,63.9590141299,23.9325215789
2022-09-19,90.5947070289,65.6918458411,24.6297725471
2022-09-20,91.4634658272,66.1798382689,24.2593245149
2022-09-21,90.0635681634,66.1871349183,23.8106136184
2022-09-22,89.6765907294,65.8767251681,23.5310675833
2022-09-23,88.4980231676,65.0888230869,22.9767697885
2022-09-26,87.6693583654,63.9687033622,22.7998671754
2022-09-27,87.5618957172,63.8372633171,22.843288783
2022-09-28,87.4814682023,63.6575036906,22.8842115114
2022-09-29,88.6546116501,64.2418425495,23.212378154
2022-09-30,88.2855909044,63.7312941913,23.1592673109
2022-10-03,88.5361022313,64.0421531577,23.29195037
2022-10-04,88.6097937348,64.5925900879,23.6701704907
2022-10-05,89.3596946908,65.0205484357,24.1595826809
2022-10-06,89.6281850927,65.6360777,24.3969676551
2022-10-07,89.9182896525,65.3027538876,24.5858140854
2022-10-10,92.489345841,66.7209682475,25.3001298106
2022-10-11,92.2087797781,66.3320621076,25.459844852
2022-10-12,91.7759547072,65.8554653646,25.0050769079
2022-10-13,91.2695851759,64.7750242018,24.8338620004
2022-10-14,93.6684409101,66.0695772043,25.1058303473
2022-10-17,94.3020488248,66.1523713963,25.4560619625
2022-10-18,93.9788392485,65.4695573802,25.2139697797
2022-10-19,94.5855090422,65.7325648668,25.2637274773
2022-10-20,94.4456239147,65.0006166938,25.1860828245
2022-10-21,92.8713763447,63.8106167328,24.8750388693
2022-10-24,93.1225412117,64.2359541566,24.985030759
2022-10-25,95.1516059504,66.4390181611,25.94435548
2022-10-26,96.232748663,67.6348377001,26.2230993503
2022-10-27,95.2830852651,67.2440229736,26.0929116255
2022-10-28,96.2173259834,67.3305538512,26.0644884744
2022-10-31,96.8885649295,67.6811000359,25.5413745066
2022-11-01,97.2333953758,66.9066866613,25.2444936932
2022-11-02,98.6140485904,68.8648660408,25.5210954294
2022-11-03,98.4289472241,68.7708341302,25.760133659
2022-11-04,97.836162731,68.038005502,26.0235911763
2022-11-07,97.3995012016,68.3260348065,25.5336599908
2022-11-08,97.2934949476,67.4719280924,25.1524486523
2022-11-09,98.0680810824,67.9164370572,25.2853095414
2022-11-10,97.4080422404,67.393873505,25.1526514307
2022-11-11,97.9127806964,66.9091346496,25.0405864457
2022-11-14,98.0507936641,66.9507111256,25.1412406516
2022-11-15,98.3296031891,66.9427529071,25.0578710354
2022-11-16,97.9843329236,67.7909153562,24.8853632208
2022-11-17,97.948127943,67.8805529129,25.269128065
2022-11-18,97.5848677506,68.4282672309,25.7118862054
2022-11-21,97.5362504926,68.2495170809,25.5731412528
2022-11-22,97.2709624273,68.6934150124,25.6786012739
2022-11-23,97.4464319941,68.3482926637,25.482578716
2022-11-24,100.438032603,70.0323001421,26.0015008973
2022-11-25,101.43985154,70.7654225945,26.3951754752
2022-11-28,101.357163316,70.5618347397,26.3099112057
2022-11-29,100.296546038,69.8750511192,26.0715121271
2022-11-30,102.52881158,71.3018161475,25.9857345172
2022-12-01,102.486414208,72.5092479143,26.3509586933
2022-12-02,101.484073477,72.3642656583,25.9289117826
2022-12-05,100.691956519,71.7384016647,25.706162199
2022-12-06,99.4802477279,70.5024104184,25.2972383878
2022-12-07,99.2743028551,70.5181476406,25.0964665144
2022-12-08,99.914621599,70.2713691241,25.5017603864
2022-12-09,98.3640183553,68.6894229277,25.0684270982
2022-12-12,100.016871592,69.8936551994,25.682064481
2022-12-13,100.050729011,69.5933035901,25.5701610299
2022-12-14,99.1812096023,68.4802032794,25.3040887646
2022-12-15,97.7431766586,67.8700769904,24.5431079072
2022-12-16,97.9457455343,67.8132176843,24.7709040984
2022-12-19,98.2650284658,68.7042989477,24.8110308876
2022-12-20,98.4196457033,67.382623209,24.3624651059
2022-12-21,98.1572971328,66.7418846773,23.8856428307
2022-12-22,97.271301848,65.3020237858,23.3355534029
2022-12-23,97.7661130137,64.8764481767,23.0928405257
2022-12-26,99.0688600874,65.3657778248,23.4211576835
2022-12-27,99.4859836494,65.8470019291,23.3520058322
2022-12-28,99.1348924479,64.0900169445,23.904640503
2022-12-29,97.4077439937,62.4507340934,23.0755536239
2022-12-30,96.1747125135,62.4113279508,23.3579408877
2023-01-02,95.9009585163,61.7790354307,22.8673226504
2023-01-03,95.6348149097,61.4147288674,22.5806809643
2023-01-04,95.8643334297,61.7560200912,22.744690384
2023-01-05,95.6218975753,61.0874329725,22.7168132981
2023-01-06,95.6592765675,61.6557060306,23.0233639985
2023-01-09,94.4835673198,60.2983034652,22.4477078565
2023-01-10,93.5885866538,60.1746053433,22.363853418
2023-01-11,94.6818237922,61.013033502,22.7259218938
2023-01-12,95.508011249,61.6615320672,22.9777973391
2023-01-13,96.5849120165,62.3190320989,23.2074046471
2023-01-16,96.0444426234,62.2887295727,23.3165114469
2023-01-17,96.0353690333,62.7807456231,23.1001675745
2023-01-18,96.0286344336,62.7658833496,23.0011799483
2023-01-19,99.4473146253,64.6680391084,23.7149728204
2023-01-20,99.5089767416,63.0571972638,23.1807711302
2023-01-23,100.242190545,63.2094080588,23.1774778823
2023-01-24,101.594106534,64.7217019538,23.7621300961
2023-01-25,101.132857622,64.3209911755,23.4258128634
2023-01-26,100.046097704,63.0553469642,22.8856859433
2023-01-27,99.3558418142,62.0684964058,22.6444095995
2023-01-30,99.5004579398,62.6337460901,22.6901120495
2023-01-31,99.7262527378,62.8793063166,22.7268939549
2023-02-01,100.512220949,63.7610232454,23.0688298935
2023-02-02,100.357222501,63.5343243245,22.7897634906
2023-02-03,99.2165905034,62.3960033141,22.0669874401
2023-02-06,100.370097483,64.7562693535,22.1314510043
2023-02-07,100.662724455,64.3613340118,22.0420415372
2023-02-08,99.5519458249,64.3072082133,21.6432841305
2023-02-09,100.594229209,64.755842075,21.7185992486
2023-02-10,99.5657752693,64.3008905781,21.6640638519
2023-02-13,99.7238107595,65.020944726,21.9525082911
2023-02-14,99.5534941,64.8082884472,21.9573436704
2023-02-15,98.2250631685,65.1481324977,21.9583827685
2023-02-16,98.6439950178,66.0187468348,22.7387660864
2023-02-17,98.8581213684,66.0713566982,23.1538280614
2023-02-20,99.408384851,66.2911975192,23.2714937328
2023-02-21,99.7429047658,66.8298320023,22.9212833076
2023-02-22,98.0714306091,65.2682635815,22.1807373677
2023-02-23,97.3985440072,65.2869211078,22.0488525413
2023-02-24,97.5724829369,64.8329866219,21.9191028062
2023-02-27,97.9956823897,65.3207128559,21.950780607
2023-02-28,98.1378317879,66.3578420458,22.139244973
2023-03-01,97.6076405398,65.9622954565,22.0157880721
2023-03-02,97.4161637275,65.8241212648,21.5118385914
2023-03-03,96.6387710049,65.2915323314,21.2895326645
2023-03-06,96.3282254654,65.0468755768,21.2150212107
2023-03-07,96.833013325,65.314842105,21.3726535295
2023-03-08,96.4438668772,65.3501138086,21.3864947177
2023-03-09,97.8175670357,66.839305451,22.013506405
2023-03-10,97.7665188857,66.9254922802,22.1990620145
2023-03-13,97.2036083901,66.2445227067,22.0441109054
2023-03-14,97.8441117076,65.8846102231,22.0494731145
2023-03-15,97.7522761762,64.1850895464,21.6952656412
2023-03-16,97.5938003363,63.986804687,21.9964968361
2023-03-17,96.7600350095,63.1698178618,21.3353638605
2023-03-20,96.520003635,62.9079945922,21.1980736536
2023-03-21,97.3532166815,63.7508754006,21.4630407946
2023-03-22,97.1189615734,64.0372004476,21.4752071894
2023-03-23,96.4263930397,62.7546443138,21.0840395827
2023-03-24,97.2202295478,64.5576723799,21.5033959599
2023-03-27,96.6858635165,63.736481116,21.3816305876
2023-03-28,95.3241874929,63.2073872864,21.2459749304
2023-03-29,95.827920323,63.35860335,21.4750476982
2023-03-30,95.9876130364,63.0882893823,21.7727185047
2023-03-31,95.7130192621,63.3187817592,21.3182432805
2023-04-03,96.9263796379,64.8313542617,21.7422445807
2023-04-04,97.5300474004,65.532500572,21.7955023762
2023-04-05,97.9751181362,65.4232789356,21.736263397
2023-04-06,99.1566559779,66.712179583,21.9520861586
2023-04-07,98.8077938171,66.3113933362,21.9192535218
2023-04-10,98.0773926656,66.0459255174,21.8973316141
2023-04-11,98.0340109997,66.4896298969,21.912393015
2023-04-12,97.8630084826,65.8493137011,21.9868078986
2023-04-13,97.1365763459,65.6294864483,21.8337991271
2023-04-14,95.3445127158,63.9382794855,21.8298928309
2023-04-17,95.5854344722,63.4313164268,21.8512907181
2023-04-18,95.3816725601,66.5030449488,22.4439097145
2023-04-19,94.8106294809,67.53810337,21.8719457462
2023-04-20,94.9536519418,69.2337632309,22.1299458274
2023-04-21,93.9397612506,68.4348063982,22.0552934309
2023-04-24,94.186279329,68.2705565434,21.9711279992
2023-04-25,93.6191950054,68.1596527261,22.1927444641
2023-04-26,95.0968652638,69.5126576002,22.2003403943
2023-04-27,93.8382572331,69.045850489,21.6484738681
2023-04-28,93.7081810469,69.1002423091,21.4633789315
2023-05-01,93.0887169241,68.6638214183,21.3788449073
2023-05-02,93.9343084246,69.5213707123,21.6429170636
2023-05-03,93.4031447493,68.653662424,21.3478381267
2023-05-04,93.7384064099,69.0394875066,21.0973664182
2023-05-05,92.5932132439,69.4815498978,21.0302178804
2023-05-08,90.746849968,70.3534185499,20.8925443597
2023-05-09,90.9653184075,70.644667517,20.9236786336
2023-05-10,90.4365182894,71.4025469379,21.1296421736
2023-05-11,91.924346944,73.1566824515,21.1923191788
2023-05-12,92.8605565145,73.3827276087,21.40296611
2023-05-15,91.0433691452,70.5122754566,20.8103951287
2023-05-16,90.5836903413,69.3829447027,20.6521530326
2023-05-17,91.9037158682,70.8512268201,21.0183623631
2023-05-18,91.9326844292,71.2868705738,21.2554498352
2023-05-19,91.6915778808,71.1436951644,21.251489188
2023-05-22,92.0262460207,71.3212505823,21.3097189347
2023-05-23,92.8071362295,72.3126398416,21.6264470164
2023-05-24,94.7422567553,73.3352769354,22.4660759587
2023-05-25,95.1460450192,75.1946217162,22.6126395509
2023-05-26,94.4706579993,75.029598952,22.5818190666
2023-05-29,96.8171811174,76.0981843373,23.3380616198
2023-05-30,97.5132821863,76.8650724384,23.4265569601
2023-05-31,98.5084537734,78.1503857648,23.8640982735
2023-06-01,98.6973850564,78.4127284305,23.9163130725
2023-06-02,99.4560493319,78.9678699935,23.882943981
2023-06-05,98.8634315221,78.2447325002,23.7169775454
2023-06-06,98.8557699948,78.4246128838,23.8829918662
2023-06-07,98.0632760491,79.2290871077,23.8028739132
2023-06-08,97.7121782417,79.28486019,23.3807353586
2023-06-09,97.1762718291,79.4105432168,23.0315366366
2023-06-12,98.2701297661,81.2501561371,23.3728474388
2023-06-13,98.3956962547,81.629410477,23.4070370373
2023-06-14,99.1377478332,81.7596865428,23.4421740378
2023-06-15,98.3166414776,81.4366635087,23.5586945381
2023-06-16,98.1547902646,80.3700914726,23.1251748983
2023-06-19,98.3901361307,81.2613227495,23.3338615622
2023-06-20,98.0683576598,81.5370461704,23.2755573814
2023-06-21,97.8691871471,80.9740507549,23.3592594549
2023-06-22,93.7637960414,78.9629126655,22.2909853899
2023-06-23,93.5366993138,79.5748080344,22.2411793749
2023-06-26,92.8337689898,78.9482798076,22.1533889631
2023-06-27,92.5688999907,77.9746718328,21.8472562772
2023-06-28,93.9501405761,79.0547471709,22.3076734472
2023-06-29,93.7263275506,78.4238077022,22.5540912194
2023-06-30,93.5250458466,77.8834565881,22.7542205339
2023-07-03,93.0765721269,77.2703134244,22.5992685464
2023-07-04,93.1000093497,77.4094754951,22.9307693973
2023-07-05,93.4768806904,75.829948384,22.8387666791
2023-07-06,93.5538537042,75.9314799428,22.9478640119
2023-07-07,93.5609989371,75.9173368321,23.0293361313
2023-07-10,93.0332726142,74.8471398875,23.5267200261
2023-07-11,92.4405827809,74.494134609,23.0609685385
2023-07-12,92.5931019454,73.8580789367,22.866805269
2023-07-13,93.3115428083,74.5854356219,23.1781936766
2023-07-14,92.1558699901,74.6519425753,22.8180758813
2023-07-17,92.9942194434,75.6425138863,23.1696872096
2023-07-18,92.5040149882,75.3620847096,22.9823760054
2023-07-19,92.5448377938,75.2827990503,22.6747460729
2023-07-20,93.5016273306,75.9171643399,22.8168071575
2023-07-21,93.0351807083,75.81527189,22.5446179452
2023-07-24,91.5447620701,74.9536922168,22.2767432284
2023-07-25,91.4004012155,74.1497197833,22.1540551885
2023-07-26,90.5671489122,73.1256871522,21.7736820056
2023-07-27,91.5287826714,73.5165645767,21.85642847
2023-07-28,94.5486583801,76.028723562,22.7914155604
2023-07-31,94.3111574978,75.5616112555,22.3228153119
2023-08-01,95.2887473553,76.5650679792,22.5708196093
2023-08-02,95.142991366,77.1174811719,22.1850886289
2023-08-03,94.8873570991,76.5491331311,22.2578719298
2023-08-04,95.6376526905,75.7649385236,21.9656719671
2023-08-07,95.4828761725,75.2089291593,21.4625452684
2023-08-08,97.5239601367,76.8459610564,22.0842200162
2023-08-09,96.9002118453,76.8941357384,21.9244388229
2023-08-10,96.7180672592,77.0853056352,21.6632513003
2023-08-11,98.4173616508,78.4088855414,22.3752982594
2023-08-14,97.4676319862,77.1544324099,21.8307953622
2023-08-15,97.6890934211,77.3469521938,21.8077804869
2023-08-16,96.9547930706,76.1708480347,21.5341703659
2023-08-17,96.5726299579,75.4908128679,21.6789415566
2023-08-18,96.5533063564,75.9478790363,21.6788149827
2023-08-21,96.7467390301,76.0564440992,21.4630015409
2023-08-22,97.7770168386,76.7007122585,21.8072713178
2023-08-23,97.2603361701,76.2654043582,21.5385305966
2023-08-24,98.0517942299,76.9461160871,21.7904242811
2023-08-25,99.1741770972,78.3740053171,22.2778918491
2023-08-28,97.4569148557,76.5876525407,21.5183728041
2023-08-29,98.0320888971,77.0761882811,21.437124607
2023-08-30,97.9179881085,76.2300000066,21.2964913397
2023-08-31,96.9513959748,75.7939743921,21.1539038161
2023-09-01,99.3435847691,78.1670890616,21.6911684978
2023-09-04,100.328585374,77.6954616128,21.5179522106
2023-09-05,100.643078432,76.6148509042,21.4043743758
2023-09-06,99.9188039591,76.1853776368,21.0849938001
2023-09-07,100.524182936,76.6096423582,21.6159726326
2023-09-08,100.557898388,75.9679652777,21.4643249819
2023-09-11,99.6589841299,75.5644081932,21.3733617502
2023-09-12,103.004280438,77.2202258429,21.9719217249
2023-09-13,102.332652116,76.954007683,21.9416604188
2023-09-14,102.321563016,77.4501569713,21.9207515097
2023-09-15,103.086770632,78.2322778509,22.1288850149
2023-09-18,102.761653475,79.8504511069,22.1205784603
2023-09-19,103.019596707,79.6226569844,22.4155768166
2023-09-20,103.780063585,79.7516885317,22.6253014054
2023-09-21,104.049719478,79.600330922,22.7923588176
2023-09-22,104.477859258,80.0415690173,22.9028166506
2023-09-25,104.849622596,80.4190726321,23.0160251624
2023-09-26,103.996319761,81.4400824229,22.7352368946
2023-09-27,104.364795233,81.515826473,23.0955305673
2023-09-28,103.610973964,80.5606480529,22.6772773525
2023-09-29,103.908267411,79.96583749,22.5483189059
2023-10-02,101.264670247,78.3930377212,21.8428042061
2023-10-03,100.375142373,78.2541738928,21.5352858142
2023-10-04,101.263822768,78.3341596931,22.0268052535
2023-10-05,102.068847688,78.1573941072,21.9072171318
2023-10-06,102.664555174,78.3900863506,21.9843933711
2023-10-09,103.648242425,78.6654721555,22.166415393
2023-10-10,104.482625311,79.686297791,22.3899226621
2023-10-11,104.045390081,77.4983463078,21.6732849844
2023-10-12,104.362328895,77.6235514291,21.7446814391
2023-10-13,105.317546777,77.5428451238,21.8128834184
2023-10-16,105.463714027,77.3455322074,21.9873386528
2023-10-17,106.415128908,78.1518688665,22.5942730638
2023-10-18,105.241399604,77.3960105694,22.3925471941
2023-10-19,104.840761254,77.2327845188,22.2086353391
2023-10-20,105.326118633,78.010578231,22.4194747584
2023-10-23,102.978652915,75.6727231126,21.9285749047
2023-10-24,103.019821362,74.4157741691,21.9413700271
2023-10-25,103.153857308,74.0843276031,22.0740092511
2023-10-26,102.497847108,73.2302425562,21.9362719518
2023-10-27,103.808972145,74.799566758,22.3954963458
2023-10-30,104.421799341,75.834456395,22.2936408389
2023-10-31,105.169260977,75.7788684025,22.457837786
2023-11-01,104.975575275,75.9708912357,22.4835924729
2023-11-02,101.808108415,74.0876130508,21.928082577
2023-11-03,102.163574748,74.2669537353,22.2565124058
2023-11-06,102.470868787,74.7217358265,22.5655777713
2023-11-07,102.87643947,74.3703016158,22.0184028013
2023-11-08,102.589396581,74.5129557048,21.9523518392
2023-11-09,103.219116802,74.9881987968,22.3070145745
2023-11-10,102.808289102,75.177915609,22.4372880323
2023-11-13,105.061814098,74.9693410135,22.5647771436
2023-11-14,105.997640949,76.6115605577,22.9864801892
2023-11-15,105.598433588,77.0719460146,23.268083651
2023-11-16,105.37120775,77.0809998034,23.4169247766
2023-11-17,107.50141225,78.9865772675,24.0053700616
2023-11-20,107.484525562,79.2740571472,24.025135333
2023-11-21,107.655994396,78.8561290966,24.2013476337
2023-11-22,105.512129573,76.9466091312,23.6542003063
2023-11-23,107.725049666,78.0589044598,23.968838983
2023-11-24,107.198555491,78.8056601891,23.3953763883
2023-11-27,106.358395782,79.8173756785,23.5387201717
2023-11-28,105.586631421,79.2928205345,23.3666485134
2023-11-29,106.052337413,80.2415744761,23.6113820766
2023-11-30,105.756821099,80.365589207,23.4975809641
2023-12-01,104.811806458,78.617394276,22.7955357471
2023-12-04,103.999745369,77.3494351388,22.5663371388
2023-12-05,103.302652347,75.6398946859,22.0925332458
2023-12-06,102.902256222,75.0282624703,22.2373048208
2023-12-07,102.266035307,75.2433121577,22.178937845
2023-12-08,102.26284523,74.8706480529,22.1151537969
2023-12-11,101.666256805,74.5811613269,21.952041574
2023-12-12,100.297857788,74.6635541224,21.913668158
2023-12-13,99.8902862738,74.4937664299,21.8161693324
2023-12-14,98.7392222964,73.8085988188,21.3816678136
2023-12-15,96.5623872769,69.8642586845,20.3487076484
2023-12-18,96.8831615629,69.8347832148,20.6569448912
2023-12-19,97.6298917807,70.9925899686,21.0589544879
2023-12-20,99.3757863146,71.6310241665,20.8835743461
2023-12-21,98.9471762568,71.7280213966,20.8729249337
2023-12-22,99.2088926222,72.6316058563,21.1040488887
2023-12-25,100.04765223,72.5455782193,20.9695604455
2023-12-26,102.024995778,73.8814113775,21.261511334
2023-12-27,101.411444683,73.0634128309,20.9173026872
2023-12-28,100.660893285,72.0090275591,20.6482035223
2023-12-29,100.286756119,72.2532276505,20.6743465029
2024-01-01,100.579927757,71.9573573963,20.64465487
2024-01-02,100.796415362,72.3375607725,20.7154507052
2024-01-03,101.792052435,72.96963693,21.0737387501
2024-01-04,101.256351629,71.3071757615,20.8295419373
2024-01-05,101.858168496,71.967719951,21.0681507984
2024-01-08,101.680786093,71.5642107241,21.0513588574
2024-01-09,101.96826648,71.5269307825,21.2198999948
2024-01-10,100.996860401,70.5203508692,21.3222673334
2024-01-11,102.161104721,70.9412423315,21.6140312644
2024-01-12,102.341530656,69.3501060154,21.2101391338
2024-01-15,102.328148999,69.1790205005,21.2202910443
2024-01-16,103.157717208,69.533783591,21.2273175612
2024-01-17,103.394551024,69.5479596046,21.2385970763
2024-01-18,103.170461855,70.5713546836,20.9791114421
2024-01-19,102.867523069,70.3903372406,20.7826286833
2024-01-22,103.668609657,71.300248249,21.0066405742
2024-01-23,103.511022282,71.1610399284,20.9520126797
2024-01-24,103.480750504,71.0623958304,20.9690292304
2024-01-25,104.380038649,70.7304465398,20.791595206
2024-01-26,103.096865595,70.3642640163,20.6164052239
2024-01-29,103.469655394,69.9909363726,20.8471309203
2024-01-30,103.085065871,69.8339644134,20.8888722563
2024-01-31,102.302068306,69.1012892249,20.7110422845
2024-02-01,104.689214339,70.6643834158,21.5028170181
2024-02-02,105.826892225,71.5429504102,21.5957959577
2024-02-05,106.810974741,71.3103435421,21.9727075819
2024-02-06,106.955390453,70.4673343803,21.8218490317
2024-02-07,107.57342176,70.6997797995,22.0634523101
2024-02-08,106.601695826,69.2430296776,21.6983005375
2024-02-09,106.654929894,69.1053255388,21.888437115
2024-02-12,106.04724249,68.8981080015,21.7885253987
2024-02-13,104.985377372,67.7617661959,21.477267892
2024-02-14,107.535975656,69.6296186997,21.6523849512
2024-02-15,105.605573072,68.8047223321,21.2730605649
2024-02-16,106.484244305,68.9252700799,21.4516328292
2024-02-19,107.046619978,69.0822359537,21.4920940079
2024-02-20,107.111009201,69.5863975027,21.5727957475
2024-02-21,107.810305923,69.801117571,21.5117406169
2024-02-22,110.466877527,70.8434660561,21.8499934861
2024-02-23,110.42577086,70.8627798316,21.7693277313
2024-02-26,110.439888924,70.855298736,21.795332226
2024-02-27,107.144485952,70.525943892,21.3029816272
2024-02-28,107.81172642,70.0192453078,21.2078630434
2024-02-29,106.823484612,70.746482627,21.0261765956
2024-03-01,107.421893108,70.8054756792,21.0414157425
2024-03-04,107.151540332,71.5660931847,20.6824225343
2024-03-05,105.963314772,69.8017236771,20.0990010742
2024-03-06,105.328712842,68.6648052341,19.7516065472
2024-03-07,103.672971978,67.2278786388,19.5385099126
2024-03-08,104.039620779,67.5296347073,19.4682240583
2024-03-11,102.763455488,66.2474214761,19.1308436067
2024-03-12,104.009788903,67.682631018,19.6395360163
2024-03-13,103.32258576,67.3072484412,19.4477426753
2024-03-14,103.178592015,68.2272158924,19.2885236249
2024-03-15,103.000018705,68.7489261394,19.1072815556
2024-03-18,102.430216783,68.1266734345,18.9185989833
2024-03-19,100.691171927,67.507532472,18.7675575222
2024-03-20,101.124691834,67.345546085,18.8073322931
2024-03-21,100.461146299,66.8095629091,18.9560429887
2024-03-22,100.581277593,66.1815765502,18.9144533847
2024-03-25,99.7117787903,65.2169396821,18.5502214901
2024-03-26,99.4789659732,65.4030845934,18.6100475904
2024-03-27,99.949596895,65.1261593958,18.5407156961
2024-03-28,100.277052532,64.9084851304,18.4910415705
2024-03-29,100.869396607,64.9869818285,18.6213406365
2024-04-01,102.420298384,65.7686305992,19.1119127268
2024-04-02,102.94778124,65.3124459717,18.9265415286
2024-04-03,101.853114572,64.0561237582,18.6000419367
2024-04-04,102.478741387,65.0904632551,18.8721359692
2024-04-05,102.199340583,64.1292073062,18.7108010869
2024-04-08,102.274630185,64.3703242595,19.4801129229
2024-04-09,103.367459247,65.3536230212,19.6012784272
2024-04-10,102.846341578,65.0103015785,19.3357759322
2024-04-11,103.318805021,65.4534302553,19.2769229814
2024-04-12,104.053479868,65.8969893501,19.239074953
2024-04-15,104.032462884,66.033024536,19.4165962286
2024-04-16,103.735346401,66.3192429448,19.4560345427
2024-04-17,102.780270441,65.1845645187,19.3336910028
2024-04-18,103.782675648,65.8921694007,19.7776146376
2024-04-19,104.729840531,66.758228664,19.8691841488
2024-04-22,106.181949829,67.8215564174,20.1363134432
2024-04-23,105.767264319,67.6885833746,19.863417955
2024-04-24,106.297078324,67.5954558177,19.9596972482
2024-04-25,105.802454098,67.1723688491,19.7014139417
2024-04-26,105.729645507,67.7932491403,19.9374686761
2024-04-29,106.135412571,68.0075281564,20.1816064053
2024-04-30,107.170692378,68.166369913,20.3130903698
2024-05-01,105.608195159,67.8551503388,20.4170688578
2024-05-02,105.715267014,66.6897054151,20.3717652425
2024-05-03,105.168221342,66.1528746119,20.2998219103
2024-05-06,105.453832072,66.0329307024,20.1904249108
2024-05-07,105.599830099,65.8973857692,19.9895449014
2024-05-08,105.396610855,65.9190969376,19.9457569795
2024-05-09,103.932325558,65.7021546769,19.2080391017
2024-05-10,103.343837697,64.896891318,19.060803633
2024-05-13,103.853829308,65.7236214304,19.1277823204
2024-05-14,104.613466828,66.2846816257,18.9094563412
2024-05-15,107.126682082,66.61517791,19.3329620527
2024-05-16,107.935104806,67.3638142277,19.3552447598
2024-05-17,109.547088182,66.5805992698,19.3999711819
2024-05-20,108.50979441,65.3372001439,19.2469018916
2024-05-21,109.193594757,65.5870663856,19.4400307236
2024-05-22,109.314652118,64.7504656657,19.245770252
2024-05-23,108.944352462,64.0714849598,19.2030200903
2024-05-24,109.200894334,63.3894259769,18.851699066
2024-05-27,109.565947301,63.2408344039,18.9087427962
2024-05-28,110.198998782,63.0546485973,18.7637575688
2024-05-29,112.27905675,64.3181546429,19.0823538613
2024-05-30,111.420345769,63.6419065385,18.7049923983
2024-05-31,112.338933973,63.7036583418,18.9893790076
2024-06-03,111.979912249,63.0171828571,18.7822828057
2024-06-04,109.575134551,61.7787711863,18.324423354
2024-06-05,110.297898943,61.3368152338,18.4937127457
2024-06-06,111.2645687,62.5203931652,18.7597617023
2024-06-07,112.002347555,62.3683329121,18.8957030984
2024-06-10,111.563052035,61.6588096563,18.6309969373
2024-06-11,111.596906138,61.238648451,18.6373358284
2024-06-12,110.620393927,60.1929067622,18.5031080547
2024-06-13,111.66592142,60.1185696534,18.5987636778
2024-06-14,112.65158577,60.774039687,18.8224805574
2024-06-17,113.793165732,60.9570518039,18.9729431305
2024-06-18,113.804328001,60.8378673564,18.893787163
2024-06-19,113.88660301,60.8903818286,18.78424711
2024-06-20,114.753604169,60.810533496,18.8231276507
2024-06-21,114.35230216,60.8730408073,18.2973822027
2024-06-24,115.443960821,60.9995527758,18.650928432
2024-06-25,114.96625373,60.7561876775,18.8857253041
2024-06-26,114.733493001,61.2015162297,18.9358846679
2024-06-27,115.291540585,61.5063447878,19.2129114067
2024-06-28,114.472319646,60.5461259748,18.8513359175
2024-07-01,114.59357315,60.50727217,18.9632459733
2024-07-02,115.823642217,60.6539327025,19.0019774774
2024-07-03,114.728247432,60.8969334271,18.9662634501
2024-07-04,115.333595016,60.4167586289,18.9534211037
2024-07-05,115.802161154,60.5313589062,19.1672266808
2024-07-08,118.245873622,61.1893524914,19.3469684712
2024-07-09,117.234568722,61.6131983975,19.5078687594
2024-07-10,117.121950018,61.5812968453,19.3518575903
2024-07-11,118.045741949,61.8290160679,19.4418971666
2024-07-12,119.022271746,62.1417587345,19.5305187277
2024-07-15,119.06817728,62.7307737697,20.0288711804
2024-07-16,119.600729016,63.3026733298,20.1456846242
2024-07-17,118.806370339,63.2966032323,20.0943144842
2024-07-18,117.452777005,62.5158564608,19.8165693974
2024-07-19,117.046099883,62.929802529,19.9059805085
2024-07-22,118.508526231,63.7517119562,20.2016082345
2024-07-23,117.711416052,63.3835559514,20.0613912139
2024-07-24,116.362500082,62.4885162642,19.7246338846
2024-07-25,116.798150648,62.9126384526,19.7412611941
2024-07-26,117.174996092,63.0273023536,19.4467687511
2024-07-29,116.681023602,63.3560931243,19.1515662015
2024-07-30,116.804722957,64.0613985252,19.1666892905
2024-07-31,116.837454727,63.0302695883,19.4452494983
2024-08-01,116.786142838,63.0297149224,19.6519527473
2024-08-02,117.274574587,62.9694619623,19.6190681578
2024-08-05,117.587232004,62.9470652624,19.4494353819
2024-08-06,117.530156592,61.7734392321,19.6877465778
2024-08-07,117.762160358,61.3953093665,19.520715876
2024-08-08,115.131872097,59.4770308665,19.1810098413
2024-08-09,117.500316309,60.9006583193,19.6353498966
2024-08-12,117.180412937,60.399639774,19.7936582533
2024-08-13,117.070673359,61.0690898131,20.0593195159
2024-08-14,115.83015808,60.2785801725,19.7175459525
2024-08-15,115.727078899,60.1871927371,20.5147283673
2024-08-16,114.679422926,59.8185570737,20.4439841508
2024-08-19,114.70619212,59.8946742224,20.2393773877
2024-08-20,114.84805353,60.2147284173,20.3676883896
2024-08-21,115.538231723,61.3002024814,20.8123124491
2024-08-22,115.682586923,60.4702900636,20.5176830079
2024-08-23,115.552221777,60.4979508083,20.4474031238
2024-08-26,114.38404838,59.2542755915,19.7465761865
2024-08-27,114.130970624,58.3266387585,19.3641474798
2024-08-28,113.892693183,57.8090990784,19.296340115
2024-08-29,115.183711128,57.9596737208,19.3324511674
2024-08-30,115.690784192,57.899327124,19.2604010199
2024-09-02,116.637189156,58.6184751284,19.5503497583
2024-09-03,117.321499756,58.2933795788,19.7238622525
2024-09-04,117.713268147,58.8799771644,19.9208010095
2024-09-05,117.783888121,58.8092262052,19.9668641716
2024-09-06,117.569922701,59.019615379,19.7742133502
2024-09-09,117.022225087,59.7573025589,19.7293553622
2024-09-10,116.727363728,59.0810954847,19.6628430749
2024-09-11,116.256765688,58.8175972243,19.6647519154
2024-09-12,115.686671606,58.8724543961,19.7301192091
2024-09-13,116.769913228,59.4204505852,20.4737214431
2024-09-16,118.493836114,60.4270703968,20.5902811016
